﻿Turno;Contrato;"Tipo Serviço";Checklist;Lideres;Equipe;Equipe;"Data Execução";formulario;Colaborador;CNH;"DNIT/DERBA (AUTORIZACAO DE TRANSPORTE DO VEICULO)";"CRLV (DOCUMENTO DO VEICULO)";"FOTO DA EQUIPE";"COVID - Possui algum colaborador da equipe com sintomas?";"Equipe possui câmera funcional?";"Qual foi o tema do DDS de hoje?";"Todos os EPI´s estão em condições de uso (uniformes / isolantes / equipamentos para escalada segura, etc)?";"Todos os EPC´s e ferramentas estão em condições de uso (aterramentos temporários, coberturas isolantes, escadas, detector de tensão, etc)?";"O veículo está em condições de uso (documentação do veículo  / equipamentos obrigatórios  / sem vazamentos /  sinalização elétrica)?";"O(s) colaborador(es) se encontra(m) em condições física, mental e emocional para realizar suas atividades diárias?";"Matrícula/Assinatura Resp. Equipe";"Matrícula/Assinatura Integrante (1)";"Matrícula/Assinatura Integrante (2)";"Matrícula/Assinatura Integrante (3)";"Matrícula/Assinatura Integrante (4)"
414625863;4600053670-TEC_SUDOE;"OBRAS CCM - PROCESSO";414625779;"LUCIANO DE JESUS LOPES";EH061;IUI6809;23/05/2023;"Check List Diário - CCM";;2024;2023;2023;"Tire uma foto com todos os membros da equipe";Não;Sim;;Sim;Sim;"iui6809, Sim";Sim;1822;;;;
414626219;4600053670-TEC_SUDOE;"OBRAS CCM - PROCESSO";414626138;"SEBASTIAO SILVA";EH010;IXW8614;23/05/2023;"Check List Diário - CCM";;2023;2023;2023;"Tire uma foto com todos os membros da equipe";Não;Sim;;Sim;Sim;"ixw8614, Sim";Sim;288;;;;
414626844;4600053670-TEC_SUDOE;"OBRAS CCM - PROCESSO";414626760;"EDER ABREU TEIXEIRA";EH038;IXW8618;23/05/2023;"Check List Diário - CCM";;2032;2023;2023;"Tire uma foto com todos os membros da equipe";Não;Sim;;Sim;Sim;"ixw8618, Sim";Sim;718;;;;
414627335;4600053670-TEC_SUDOE;"OBRAS CCM - PROCESSO";414627250;"RONALDO DE JESUS ALMEIDA";EH035;IYY6784;23/05/2023;"Check List Diário - CCM";;2025;2023;2022;"Tire uma foto com todos os membros da equipe";Não;Sim;;Sim;Sim;"iyy6784, Sim";Sim;472;;;;
414627424;4600053670-TEC_SUDOE;"OBRAS CCM - PROCESSO";414627341;"OLDAIR JOSE BISPO";EH007;IUE2673;23/05/2023;"Check List Diário - CCM";;e;e;e;"Tire uma foto com todos os membros da equipe";Não;Sim;;Sim;Sim;"iue2673, Sim";Sim;455;;;;
414628047;4600053669-TEC_OESTE;"OBRAS CCM - PROCESSO";414627966;"RODRIGO BANDEIRA DE SOUZA";EH099;IZM2G18;23/05/2023;"Check List Diário - CCM";;2024;"12 07 2023";2024;"Tire uma foto com todos os membros da equipe";Não;Sim;;Sim;Sim;"izm2G18, Sim";Sim;1022;;;;
414628262;4600053669-TEC_OESTE;"OBRAS CCM - PROCESSO";414628065;"MARCELO DE SOUZA COSTA";EH168;IZY0C19;23/05/2023;"Check List Diário - CCM";"CLERISTON PEREIRA LEITE";2024;2023;2023;"Tire uma foto com todos os membros da equipe";Não;Sim;;Sim;Sim;"izy0c19, Sim";Sim;273;347;;;
414628262;4600053669-TEC_OESTE;"OBRAS CCM - PROCESSO";414628066;"MARCELO DE SOUZA COSTA";EH168;IZY0C19;23/05/2023;"Check List Diário - CCM";;2024;2023;2023;"Tire uma foto com todos os membros da equipe";Não;Sim;;Sim;Sim;"izy0c19, Sim";Sim;273;;;;
414628262;4600053669-TEC_OESTE;"OBRAS CCM - PROCESSO";414628067;"MARCELO DE SOUZA COSTA";EH168;IZY0C19;23/05/2023;"Check List Diário - CCM";"REINALDO BARRETO ARAGAO SOBRINHO";2024;2023;2023;"Tire uma foto com todos os membros da equipe";Não;Sim;;Sim;Sim;"izy0c19, Sim";Sim;273;1060;;;
414628262;4600053669-TEC_OESTE;"OBRAS CCM - PROCESSO";414628068;"MARCELO DE SOUZA COSTA";EH168;IZY0C19;23/05/2023;"Check List Diário - CCM";"WASHINGTON CARDOSO VIEIRA";2024;2023;2023;"Tire uma foto com todos os membros da equipe";Não;Sim;;Sim;Sim;"izy0c19, Sim";Sim;273;1342;;;
414628262;4600053669-TEC_OESTE;"OBRAS CCM - PROCESSO";414628069;"MARCELO DE SOUZA COSTA";EH168;IZY0C19;23/05/2023;"Check List Diário - CCM";"JOSE RUDIVAL SANTOS";2024;2023;2023;"Tire uma foto com todos os membros da equipe";Não;Sim;;Sim;Sim;"izy0c19, Sim";Sim;273;355;;;
414629031;4600053669-TEC_OESTE;"OBRAS CCM - PROCESSO";414628866;"MARCOS PAULO CARDOSO";"BAR - EH002";IZV9C94;23/05/2023;"Check List Diário - CCM";;22/07/2023;11/07/2023;2019;"Tire uma foto com todos os membros da equipe";Não;Sim;;Sim;Sim;"izv9c94, Sim";Sim;1224;;;;
414629031;4600053669-TEC_OESTE;"OBRAS CCM - PROCESSO";414628867;"MARCOS PAULO CARDOSO";"BAR - EH002";IZV9C94;23/05/2023;"Check List Diário - CCM";"ALISSON CASTRO DA INVENCAO";22/07/2023;11/07/2023;2019;"Tire uma foto com todos os membros da equipe";Não;Sim;;Sim;Sim;"izv9c94, Sim";Sim;1224;;;;
414629031;4600053669-TEC_OESTE;"OBRAS CCM - PROCESSO";414628868;"MARCOS PAULO CARDOSO";"BAR - EH002";IZV9C94;23/05/2023;"Check List Diário - CCM";"DARLAN OLIVEIRA DANTAS";22/07/2023;11/07/2023;2019;"Tire uma foto com todos os membros da equipe";Não;Sim;;Sim;Sim;"izv9c94, Sim";Sim;1224;;;;
414629031;4600053669-TEC_OESTE;"OBRAS CCM - PROCESSO";414628869;"MARCOS PAULO CARDOSO";"BAR - EH002";IZV9C94;23/05/2023;"Check List Diário - CCM";"GIVALDO BISPO DOS REIS DE JESUS";22/07/2023;11/07/2023;2019;"Tire uma foto com todos os membros da equipe";Não;Sim;;Sim;Sim;"izv9c94, Sim";Sim;1224;;;;
414629031;4600053669-TEC_OESTE;"OBRAS CCM - PROCESSO";414628870;"MARCOS PAULO CARDOSO";"BAR - EH002";IZV9C94;23/05/2023;"Check List Diário - CCM";"SILVANO LIMA SANTOS";22/07/2023;11/07/2023;2019;"Tire uma foto com todos os membros da equipe";Não;Sim;;Sim;Sim;"izv9c94, Sim";Sim;1224;;;;
414630232;4600053669-TEC_OESTE;"OCORRÊNCIA / MANUTENÇÃO - P";414630150;"EDSON FIRMINO PEREIRA";EH161;IZY0C88;23/05/2023;"Check List Diário - CCM";;.;.;.;"Tire uma foto com todos os membros da equipe";Não;Sim;;Sim;Sim;"izy0c88, Sim";Sim;310;;;;
414630370;4600053669-TEC_OESTE;"OBRAS CCM - PROCESSO";414630288;"JOSE LUIZ CAMARGO SANTANA";EH109;JAE2C86;23/05/2023;"Check List Diário - CCM";;2023;2023;2023;"Tire uma foto com todos os membros da equipe";Não;Sim;;Sim;Sim;"jae2c86, Sim";Sim;1052;;;;
414631184;4600053669-TEC_OESTE;"OBRAS CCM - PROCESSO";414631008;"LUIZ HENRIQUE SANTOS DE SOUZA";EH101;IZY0C24;23/05/2023;"Check List Diário - CCM";;2022;2023;2022;"Tire uma foto com todos os membros da equipe";Não;Sim;;Sim;Sim;"izy0c24, Sim";Sim;1238;;;;
414631184;4600053669-TEC_OESTE;"OBRAS CCM - PROCESSO";414631009;"LUIZ HENRIQUE SANTOS DE SOUZA";EH101;IZY0C24;23/05/2023;"Check List Diário - CCM";"ODAIR LOPES CALDAS ";2022;2023;2022;"Tire uma foto com todos os membros da equipe";Não;Sim;;Sim;Sim;"izy0c24, Sim";Sim;1238;;;;
414631184;4600053669-TEC_OESTE;"OBRAS CCM - PROCESSO";414631010;"LUIZ HENRIQUE SANTOS DE SOUZA";EH101;IZY0C24;23/05/2023;"Check List Diário - CCM";"VILTON FERREIRA DE BRITO";2022;2023;2022;"Tire uma foto com todos os membros da equipe";Não;Sim;;Sim;Sim;"izy0c24, Sim";Sim;1238;;;;
414631184;4600053669-TEC_OESTE;"OBRAS CCM - PROCESSO";414631011;"LUIZ HENRIQUE SANTOS DE SOUZA";EH101;IZY0C24;23/05/2023;"Check List Diário - CCM";"JOSE ISAC SOUZA DE ALMEIDA";2022;2023;2022;"Tire uma foto com todos os membros da equipe";Não;Sim;;Sim;Sim;"izy0c24, Sim";Sim;1238;;;;
414631184;4600053669-TEC_OESTE;"OBRAS CCM - PROCESSO";414631012;"LUIZ HENRIQUE SANTOS DE SOUZA";EH101;IZY0C24;23/05/2023;"Check List Diário - CCM";"WELTON FERNANDES COSTA";2022;2023;2022;"Tire uma foto com todos os membros da equipe";Não;Sim;;Sim;Sim;"izy0c24, Sim";Sim;1238;;;;
414631278;4600053670-TEC_SUDOE;"OBRAS CCM - PROCESSO";414631193;"CICERO PATROCINIO DOS SANTOS";EH013;IXW8615;23/05/2023;"Check List Diário - CCM";;NA;2023;2022;"Tire uma foto com todos os membros da equipe";Não;Sim;;Sim;Sim;"ixw8615, Sim";Sim;1328;;;;
414633271;4600053669-TEC_OESTE;"OBRAS CCM - PROCESSO";414633186;"CARLOS HENRIQUE BOTELHO DA CRUZ";"BAR - EH007";IZW7I90;23/05/2023;"Check List Diário - CCM";;2023;2023;2023;"Tire uma foto com todos os membros da equipe";Não;Sim;;Sim;Sim;"izw7i90, Sim";Sim;624;1211;763;;
414633656;4600053669-TEC_OESTE;"OBRAS CCM - PROCESSO";414633408;"EDIMILSON OLEGARIO DOS SANTOS";EH082;IXW6585;23/05/2023;"Check List Diário - CCM";;2023;2023;2023;"Tire uma foto com todos os membros da equipe";Não;Sim;;Sim;Sim;"iyy9059, Sim";Sim;325;;;;
414633656;4600053669-TEC_OESTE;"OBRAS CCM - PROCESSO";414633409;"EDIMILSON OLEGARIO DOS SANTOS";EH082;IXW6585;23/05/2023;"Check List Diário - CCM";"IVANILCON GOMES FERREIRA";2023;2023;2023;"Tire uma foto com todos os membros da equipe";Não;Sim;;Sim;Sim;"iyy9059, Sim";Sim;823;;;;
414633656;4600053669-TEC_OESTE;"OBRAS CCM - PROCESSO";414633410;"EDIMILSON OLEGARIO DOS SANTOS";EH082;IXW6585;23/05/2023;"Check List Diário - CCM";"WELTON MIRON PEREIRA";2023;2023;2023;"Tire uma foto com todos os membros da equipe";Não;Sim;;Sim;Sim;"iyy9059, Sim";Sim;275;;;;
414633656;4600053669-TEC_OESTE;"OBRAS CCM - PROCESSO";414633411;"EDIMILSON OLEGARIO DOS SANTOS";EH082;IXW6585;23/05/2023;"Check List Diário - CCM";"ROMERO DIAS SILVA";2023;2023;2023;"Tire uma foto com todos os membros da equipe";Não;Sim;;Sim;Sim;"iyy9059, Sim";Sim;300;;;;
414634587;4600053670-TEC_SUDOE;"OBRAS CCM - PROCESSO";414634502;"JUNIO ROCHA SERTAO";EH020;IYW1460;23/05/2023;"Check List Diário - CCM";;24;23;22;"Tire uma foto com todos os membros da equipe";Não;Sim;;Sim;Sim;"iyw1460, Sim";Sim;1778;;;;
414635521;4600053669-TEC_OESTE;"OBRAS CCM - PROCESSO";414635320;"GILDEAN VIEIRA DE BRITO";EH078;IXR0116;23/05/2023;"Check List Diário - CCM";"ALEF CARNEIRO DOS SANTOS";nao;2023;2023;"Tire uma foto com todos os membros da equipe";Não;Sim;;Sim;Sim;"ixr0116, Sim";Sim;962;;;;
414635521;4600053669-TEC_OESTE;"OBRAS CCM - PROCESSO";414635321;"GILDEAN VIEIRA DE BRITO";EH078;IXR0116;23/05/2023;"Check List Diário - CCM";;nao;2023;2023;"Tire uma foto com todos os membros da equipe";Não;Sim;;Sim;Sim;"ixr0116, Sim";Sim;360;;;;
414635521;4600053669-TEC_OESTE;"OBRAS CCM - PROCESSO";414635322;"GILDEAN VIEIRA DE BRITO";EH078;IXR0116;23/05/2023;"Check List Diário - CCM";"JOAO PAULO DE SOUZA";2025;2023;2023;"Tire uma foto com todos os membros da equipe";Não;Sim;;Sim;Sim;"ixr0116, Sim";Sim;337;;;;
414635521;4600053669-TEC_OESTE;"OBRAS CCM - PROCESSO";414635323;"GILDEAN VIEIRA DE BRITO";EH078;IXR0116;23/05/2023;"Check List Diário - CCM";"WELTON PEREIRA DA SILVA";nao;2023;2023;"Tire uma foto com todos os membros da equipe";Não;Sim;;Sim;Sim;"ixr0116, Sim";Sim;327;;;;
414635521;4600053669-TEC_OESTE;"OBRAS CCM - PROCESSO";414635324;"GILDEAN VIEIRA DE BRITO";EH078;IXR0116;23/05/2023;"Check List Diário - CCM";"THIAGO MATIAS DANTAS";nao;2023;2023;"Tire uma foto com todos os membros da equipe";Não;Sim;;Sim;Sim;"ixr0116, Sim";Sim;355;;;;
414635521;4600053669-TEC_OESTE;"OBRAS CCM - PROCESSO";414635325;"GILDEAN VIEIRA DE BRITO";EH078;IXR0116;23/05/2023;"Check List Diário - CCM";"RAVAN DE LIMA MATOS";nao;2023;2023;"Tire uma foto com todos os membros da equipe";Não;Sim;;Sim;Sim;"ixr011, Sim";Sim;1027;;;;
414635853;4600053669-TEC_OESTE;"OBRAS CCM - PROCESSO";414635706;"DAVI ALVES DA SILVA";EL101;RNQ2G76;23/05/2023;"Check List Diário - CCM";;01;01;01;"Tire uma foto com todos os membros da equipe";Não;Sim;;Sim;Sim;"RNQ2G76, Sim";Sim;1231;;;;
414637050;4600053670-TEC_SUDOE;"OBRAS CCM - PROCESSO";414636969;"EDINALDO MEIRA ABREU";EH057;ITT3966;23/05/2023;"Check List Diário - CCM";;0;0;0;"Tire uma foto com todos os membros da equipe";Não;Sim;"as 5 regra de ouro";Sim;Sim;"itt3966, Sim";Sim;187;;;;
414638331;4600053669-TEC_OESTE;"OCORRÊNCIA / MANUTENÇÃO - P";414638246;"ALAN PEREIRA GOMES";EH164;IZY0C76;23/05/2023;"Check List Diário - CCM";;18/07/2023;13/02/2023;03/01/2023;"Tire uma foto com todos os membros da equipe";Não;Sim;"trabalho em altura";Sim;Sim;"yzi0c76, Sim";Sim;344;1056;1438;;
414639013;4600053670-TEC_SUDOE;"OBRAS CCM - PROCESSO";414638928;"WENDEEL DE OLIVEIRA PRADO";EH042;IZY0C59;23/05/2023;"Check List Diário - CCM";;010325;120723;010323;"Tire uma foto com todos os membros da equipe";Não;Sim;;Sim;Sim;"izy0c59, Sim";Sim;447;657;494;;
414639108;4600053670-TEC_SUDOE;"OBRAS CCM - PROCESSO";414639026;"GIUELTON COSTA OLIVEIRA";EH066;IZY0C71;23/05/2023;"Check List Diário - CCM";;2022;2022;2022;"Tire uma foto com todos os membros da equipe";Não;Sim;;Sim;Sim;"izy0c71, Sim";Sim;353;;;;
414639486;4600053670-TEC_SUDOE;"OBRAS CCM - PROCESSO";414639403;"VALTEIR CORREIA SANTOS";EH016;IZX1H58;23/05/2023;"Check List Diário - CCM";;s;s;s;"Tire uma foto com todos os membros da equipe";Não;Sim;;Sim;Sim;"izx1h58, Sim";Sim;418;;;;
414639663;4600053669-TEC_OESTE;"OBRAS CCM - PROCESSO";414639576;"TONY ALEXANDRINO CANDIDO DE SOUZA";EH112;IZX3D51;23/05/2023;"Check List Diário - CCM";"ANDRESON CARLOS DOS SANTOS";2023;2023;2023;"Tire uma foto com todos os membros da equipe";Não;Sim;;Sim;Sim;"izx3d51, Sim";Sim;1191;;;;
414639663;4600053669-TEC_OESTE;"OBRAS CCM - PROCESSO";414639577;"TONY ALEXANDRINO CANDIDO DE SOUZA";EH112;IZX3D51;23/05/2023;"Check List Diário - CCM";;2023;2023;2023;"Tire uma foto com todos os membros da equipe";Não;Não;;Sim;Sim;"izx3d51, Sim";Sim;1191;;;;
414640235;4600053669-TEC_OESTE;"OBRAS CCM - PROCESSO";414640143;"EDPO PEREIRA GUEDES SILVA";EH153;IZX9H04;23/05/2023;"Check List Diário - CCM";;nao;2023;2019;"Tire uma foto com todos os membros da equipe";Não;Sim;;Sim;Sim;"izx9h04, Sim";Sim;178;;;;
414640649;4600053669-TEC_OESTE;"OBRAS CCM - PROCESSO";414640484;"MARCOS VINICIUS DO ROSARIO FERNANDES";"BAR - EH022";IZY0B59;23/05/2023;"Check List Diário - CCM";"EDISONERIO TOMAZ PEREIRA";2025;2023;2023;"Tire uma foto com todos os membros da equipe";Não;Sim;;Sim;Sim;"izy0b59, Sim";Sim;930;;;;
414640649;4600053669-TEC_OESTE;"OBRAS CCM - PROCESSO";414640485;"MARCOS VINICIUS DO ROSARIO FERNANDES";"BAR - EH022";IZY0B59;23/05/2023;"Check List Diário - CCM";"PERIVALDO OLIVEIRA DOS SANTOS";2025;2023;2023;"Tire uma foto com todos os membros da equipe";Não;Sim;;Sim;Sim;"izy0b59, Sim";Sim;930;;;;
414640649;4600053669-TEC_OESTE;"OBRAS CCM - PROCESSO";414640486;"MARCOS VINICIUS DO ROSARIO FERNANDES";"BAR - EH022";IZY0B59;23/05/2023;"Check List Diário - CCM";;2025;2023;2023;"Tire uma foto com todos os membros da equipe";Não;Sim;;Sim;Sim;"izy0b59, Sim";Sim;930;;;;
414641517;4600053669-TEC_OESTE;"OBRAS CCM - PROCESSO";414641413;"JEAN MANOEL MARTINS";EH103;IZV9C32;23/05/2023;"Check List Diário - CCM";;07/02/33;12/07/23;11/01/22;"Tire uma foto com todos os membros da equipe";Não;Sim;;Sim;Sim;"izv9c32, Sim";Sim;1013;;;;
414641835;4600053670-TEC_SUDOE;"OBRAS CCM - PROCESSO";414641752;"FABRICIO LIMA SANTOS";EH060;IUF4739;23/05/2023;"Check List Diário - CCM";;2025;2023;2023;"Tire uma foto com todos os membros da equipe";Não;Sim;;Sim;Sim;"IUF4739, Sim";Sim;0749;0460;879;;
414642549;4600053669-TEC_OESTE;"OBRAS CCM - PROCESSO";414642402;"TIELO AMARO DA SILVA";EH154;IYY4711;23/05/2023;"Check List Diário - CCM";;na;na;na;"Tire uma foto com todos os membros da equipe";Não;Sim;;Sim;Sim;"IYY4711, Sim";Sim;360;;;;
414643372;4600053670-TEC_SUDOE;"OBRAS CCM - PROCESSO";414643161;"LEONARDO DE OLIVEIRA SILVA";EH029;IUB8894;23/05/2023;"Check List Diário - CCM";;2025;2023;2022;"Tire uma foto com todos os membros da equipe";Não;Sim;;Sim;Sim;"IUB8894, Sim";Sim;738;;;;
414643531;4600053669-TEC_OESTE;"OBRAS CCM - PROCESSO";414643450;"EMERSON ROCHA";EH152;IZY0C84;23/05/2023;"Check List Diário - CCM";;2023;2023;2023;"Tire uma foto com todos os membros da equipe";Não;Não;;Sim;Sim;"Izy0c84, Sim";Sim;879;;;;
414644078;4600053670-TEC_SUDOE;"OBRAS CCM - PROCESSO";414643993;"FABIO JUNIOR ROCHA DE JESUS";EH036;IUO7250;23/05/2023;"Check List Diário - CCM";;2028;2024;2023;"Tire uma foto com todos os membros da equipe";Não;Sim;;Sim;Sim;"fjj, Sim";Sim;823;;;;
414644874;4600053670-TEC_SUDOE;"OBRAS CCM - PROCESSO";414644709;"EDIMAR JESUS SANTOS";EH097;IZX2B26;23/05/2023;"Check List Diário - CCM";;2021;2023;2022;"Tire uma foto com todos os membros da equipe";Não;Sim;;Sim;Sim;"izx2b26, Sim";Sim;1125;897;615;;
414644874;4600053670-TEC_SUDOE;"OBRAS CCM - PROCESSO";414644710;"EDIMAR JESUS SANTOS";EH097;IZX2B26;23/05/2023;"Check List Diário - CCM";"IURI ALVES SOUZA BOMFIM";2021;2023;2022;"Tire uma foto com todos os membros da equipe";Não;Sim;;Sim;Sim;"izx2b26, Sim";Sim;1125;897;615;;
414644874;4600053670-TEC_SUDOE;"OBRAS CCM - PROCESSO";414644711;"EDIMAR JESUS SANTOS";EH097;IZX2B26;23/05/2023;"Check List Diário - CCM";"CESAR RODRIGUES DE OLIVEIRA";2021;2023;2022;"Tire uma foto com todos os membros da equipe";Não;Sim;;Sim;Sim;"izx2b26, Sim";Sim;1125;897;615;;
414645043;4600053669-TEC_OESTE;"OCORRÊNCIA / MANUTENÇÃO - P";414644875;"DENILSON DA COSTA MENDES";"BAR - EH010";IZX9H08;23/05/2023;"Check List Diário - CCM";;0;0;0;"Tire uma foto com todos os membros da equipe";Não;Sim;;Sim;Sim;"izx9h08, Sim";Sim;897;;;;
414645043;4600053669-TEC_OESTE;"OCORRÊNCIA / MANUTENÇÃO - P";414644876;"DENILSON DA COSTA MENDES";"BAR - EH010";IZX9H08;23/05/2023;"Check List Diário - CCM";"NADSON LEONARDO PORTUGAL DOS SANTOS";0;0;0;"Tire uma foto com todos os membros da equipe";Não;Sim;;Sim;Sim;"izx9h08, Sim";Sim;1221;;;;
414645043;4600053669-TEC_OESTE;"OCORRÊNCIA / MANUTENÇÃO - P";414644877;"DENILSON DA COSTA MENDES";"BAR - EH010";IZX9H08;23/05/2023;"Check List Diário - CCM";"LEONARDO HENRIQUE SANTOS DE OLIVEIRA";0;0;0;"Tire uma foto com todos os membros da equipe";Não;Sim;;Sim;Sim;"izx9h08, Sim";Sim;938;;;;
414645568;4600053669-TEC_OESTE;"OBRAS CCM - PROCESSO";414645403;"EDSON REIS MENDES SENA";"BAR - EH012";IZY0C31;23/05/2023;"Check List Diário - CCM";;2032;2023;2023;"Tire uma foto com todos os membros da equipe";Não;Não;;Sim;Sim;"izy0c31, Sim";Sim;1153;1202;1199;1362;
414645568;4600053669-TEC_OESTE;"OBRAS CCM - PROCESSO";414645404;"EDSON REIS MENDES SENA";"BAR - EH012";IZY0C31;23/05/2023;"Check List Diário - CCM";"MARCIEL ROSA SANTANA";2032;2023;2023;"Tire uma foto com todos os membros da equipe";Não;Não;;Sim;Sim;"izy0c31, Sim";Sim;1153;1199;1202;1362;
414645568;4600053669-TEC_OESTE;"OBRAS CCM - PROCESSO";414645405;"EDSON REIS MENDES SENA";"BAR - EH012";IZY0C31;23/05/2023;"Check List Diário - CCM";"SAMUEL NASCIMENTO QUADROS";2032;2023;2023;"Tire uma foto com todos os membros da equipe";Não;Não;;Sim;Sim;"izy0c31, Sim";Sim;1153;1202;1199;1362;
414645568;4600053669-TEC_OESTE;"OBRAS CCM - PROCESSO";414645406;"EDSON REIS MENDES SENA";"BAR - EH012";IZY0C31;23/05/2023;"Check List Diário - CCM";"ITAMAR DE CARVALHO REIS";2032;2023;2023;"Tire uma foto com todos os membros da equipe";Não;Não;;Sim;Sim;"izy0c31, Sim";Sim;1153;1202;1199;1362;
414645803;4600053669-TEC_OESTE;"OBRAS CCM - PROCESSO";414645718;"ERIVAM MOREIRA ALVES";"BAR - EH023";IZM7D13;23/05/2023;"Check List Diário - CCM";;2024;2023;2023;"Tire uma foto com todos os membros da equipe";Não;Sim;capacete;Sim;Sim;"IZM7D13, Sim";Sim;619;893;703;1397;
414646388;4600053689-OESTE;"OBRAS CCM - PROCESSO";414645934;"JAILTON BARRETO DE ARAUJO";"BAR - EM002";QUG8091;23/05/2023;"Check List Diário - CCM";;2019;2019;2019;"Tire uma foto com todos os membros da equipe";Não;Sim;ok;Sim;Sim;"Qug8o91, Sim";Sim;896;;;;
414646388;4600053689-OESTE;"OBRAS CCM - PROCESSO";414645935;"JAILTON BARRETO DE ARAUJO";"BAR - EM002";QUG8091;23/05/2023;"Check List Diário - CCM";"ERISSON ALVES LIMA";2019;2022;2022;"Tire uma foto com todos os membros da equipe";Não;Sim;;Sim;Sim;"QUG8091, Sim";Sim;896;1223;;;
414646388;4600053689-OESTE;"OBRAS CCM - PROCESSO";414645936;"JAILTON BARRETO DE ARAUJO";"BAR - EM002";QUG8091;23/05/2023;"Check List Diário - CCM";"LEANDRO DA SILVA FELIX FERREIRA";2023;2022;2022;"Tire uma foto com todos os membros da equipe";Não;Sim;;Sim;Sim;"QUG8091, Sim";Sim;896;799;;;
414646927;4600053669-TEC_OESTE;"OBRAS CCM - PROCESSO";414646812;"CLERISTON MARCOS ALVES DE BRITO";EL005;RNU1I50;23/05/2023;"Check List Diário - CCM";;14/08/2024;2023;2023;"Tire uma foto com todos os membros da equipe";Não;Sim;"Direcao defensiva";Sim;Sim;"RNU1I50, Sim";Sim;1187;1173;1378;;
414647211;4600053670-TEC_SUDOE;"OBRAS CCM - PROCESSO";414647020;"JONATHAN DE JESUS SANTOS";EH034;IUQ9132;23/05/2023;"Check List Diário - CCM";;2023;2023;2022;"Tire uma foto com todos os membros da equipe";Não;Sim;;Sim;Sim;"iuq9132, Sim";Sim;269;;;;
414647221;4600053669-TEC_OESTE;"OBRAS CCM - PROCESSO";414647025;"KARLLUS HENRIQUE NASCIMENTO ARAUJO";EH145;IZX2I44;23/05/2023;"Check List Diário - CCM";"COSME MARIO DOS SANTOS OLIVEIRA";2023;2023;2023;"Tire uma foto com todos os membros da equipe";Não;Sim;;Sim;Sim;"izx2i44, Sim";Sim;1047;;;;
414647221;4600053669-TEC_OESTE;"OBRAS CCM - PROCESSO";414647028;"KARLLUS HENRIQUE NASCIMENTO ARAUJO";EH145;IZX2I44;23/05/2023;"Check List Diário - CCM";;2023;2023;2023;"Tire uma foto com todos os membros da equipe";Não;Sim;;Sim;Sim;"izx2i44, Sim";Sim;1047;;;;
414648029;4600053670-TEC_SUDOE;"OBRAS CCM - PROCESSO";414647942;"EDVALDO COELHO PEREIRA";EH037;IUC6885;23/05/2023;"Check List Diário - CCM";;01/10/2004;"12/04/2023 11/07/2023";13/01/2022;"Tire uma foto com todos os membros da equipe";Não;Sim;;Sim;Sim;"iuc 6885, Sim";Sim;838;;;;
414648234;4600053669-TEC_OESTE;"OBRAS CCM - PROCESSO";414648037;"EDVANE RAMOS PEREIRA";"BAR - EH003";IZN1I79;23/05/2023;"Check List Diário - CCM";"CARLOS LEMOS DE ALMEIDA";11/072023;21/01/2023;21/01/2013;"Tire uma foto com todos os membros da equipe";Não;Sim;"corda de linha viva ";Sim;Sim;"izn1i79, Sim";Sim;621;;;;
414648234;4600053669-TEC_OESTE;"OBRAS CCM - PROCESSO";414648038;"EDVANE RAMOS PEREIRA";"BAR - EH003";IZN1I79;23/05/2023;"Check List Diário - CCM";"RONALDO SANTANA DE SENA";20/10/2023;01/10/2023;21/10/2023;"Tire uma foto com todos os membros da equipe";Não;Não;;Sim;Sim;"izn1i79, Sim";Sim;621;;;;
414648234;4600053669-TEC_OESTE;"OBRAS CCM - PROCESSO";414648039;"EDVANE RAMOS PEREIRA";"BAR - EH003";IZN1I79;23/05/2023;"Check List Diário - CCM";"RAMON DE OLIVEIRA SANTOS";18082025;21012023;20102023;"Tire uma foto com todos os membros da equipe";Não;Não;;Sim;Sim;"izn1i79, Sim";Sim;621;;;;
414648234;4600053669-TEC_OESTE;"OBRAS CCM - PROCESSO";414648040;"EDVANE RAMOS PEREIRA";"BAR - EH003";IZN1I79;23/05/2023;"Check List Diário - CCM";;22062023;21102023;21012023;"Tire uma foto com todos os membros da equipe";Não;Sim;;Sim;Sim;"izn1i79, Sim";Sim;621;;;;
414648234;4600053669-TEC_OESTE;"OBRAS CCM - PROCESSO";414648041;"EDVANE RAMOS PEREIRA";"BAR - EH003";IZN1I79;23/05/2023;"Check List Diário - CCM";"MARCOS QUEIROZ LIMA";25072030;20192023;20012023;"Tire uma foto com todos os membros da equipe";Não;Sim;;Sim;Sim;"izn1i79, Sim";Sim;621;;;;
414648765;4600053670-TEC_SUDOE;"OBRAS CCM - PROCESSO";414648683;"LUCAS NEVES SANTOS";EH008;IXU1866;23/05/2023;"Check List Diário - CCM";;2022;2016;01114734010;"Tire uma foto com todos os membros da equipe";Não;Sim;;Sim;Sim;"ixu1866, Sim";Sim;499;;;;
414648862;4600053669-TEC_OESTE;"OBRAS CCM - PROCESSO";414648780;"HYAGO GABRIEL GOMES GOUVEIA";"BAR - EH006";IZV9C84;23/05/2023;"Check List Diário - CCM";"VALDEIS BARRETO SANTOS";2009;2022;2019;"Tire uma foto com todos os membros da equipe";Não;Sim;;Sim;Sim;"izv9c84, Sim";Sim;1410;614;1409;;
414649299;4600053669-TEC_OESTE;"OBRAS CCM - PROCESSO";414649102;"GILBERTO DOURADO SILVA JUNIOR";EH077;IUT6498;23/05/2023;"Check List Diário - CCM";;.;.;.;"Tire uma foto com todos os membros da equipe";Não;Não;;Sim;Sim;"iut6498, Sim";Sim;248;;;;
414649299;4600053669-TEC_OESTE;"OBRAS CCM - PROCESSO";414649103;"GILBERTO DOURADO SILVA JUNIOR";EH077;IUT6498;23/05/2023;"Check List Diário - CCM";"JOSE BERNARDO RODRIGUES FILHO";.;.;.;"Tire uma foto com todos os membros da equipe";Não;Não;;Sim;Sim;"iut6498, Sim";Sim;822;;;;
414649299;4600053669-TEC_OESTE;"OBRAS CCM - PROCESSO";414649104;"GILBERTO DOURADO SILVA JUNIOR";EH077;IUT6498;23/05/2023;"Check List Diário - CCM";"RANNIERI MATOS DE SOUZA";.;.;.;"Tire uma foto com todos os membros da equipe";Não;Não;;Sim;Sim;"iut6498, Sim";Sim;328;;;;
414649299;4600053669-TEC_OESTE;"OBRAS CCM - PROCESSO";414649105;"GILBERTO DOURADO SILVA JUNIOR";EH077;IUT6498;23/05/2023;"Check List Diário - CCM";"GILDEVAN DA SILVA DIAS";.;.;.;"Tire uma foto com todos os membros da equipe";Não;Não;;Sim;Sim;"ut6498, Sim";Sim;236;;;;
414649299;4600053669-TEC_OESTE;"OBRAS CCM - PROCESSO";414649106;"GILBERTO DOURADO SILVA JUNIOR";EH077;IUT6498;23/05/2023;"Check List Diário - CCM";"EMERSON CASTRO DOURADO MIRANDA";.;.;.;"Tire uma foto com todos os membros da equipe";Não;Não;;Sim;Sim;"iut6498, Sim";Sim;1025;;;;
414649299;4600053669-TEC_OESTE;"OBRAS CCM - PROCESSO";414649107;"GILBERTO DOURADO SILVA JUNIOR";EH077;IUT6498;23/05/2023;"Check List Diário - CCM";"EDEILSON LIMA SILVA";.;.;.;"Tire uma foto com todos os membros da equipe";Não;Não;;Sim;Sim;"iut6498, Sim";Sim;956;;;;
414649851;4600053669-TEC_OESTE;"OBRAS CCM - PROCESSO";414649762;"RAFAEL GOMES DE JESUS";EH166;IZV9C77;23/05/2023;"Check List Diário - CCM";;2023;2023;2023;"Tire uma foto com todos os membros da equipe";Não;Sim;"ESCALADA SEGURA";Sim;Sim;"IZV9C77, Sim";Sim;683;;;;
414650093;4600053669-TEC_OESTE;"OCORRÊNCIA / MANUTENÇÃO - P";414649987;"DELMIRO DE ARAUJO AMORIM";"BAR - EH008";IZW8B33;23/05/2023;"Check List Diário - CCM";;ok;ok;ok;"Tire uma foto com todos os membros da equipe";Não;Não;;Sim;Sim;"izw8b33, Sim";Sim;601;;;;
414650185;4600053670-TEC_SUDOE;"OBRAS CCM - PROCESSO";414650101;"DEROALDO MARINHO SOUSA";EH063;IZM8J30;23/05/2023;"Check List Diário - CCM";;2024;2023;2022;"Tire uma foto com todos os membros da equipe";Não;Sim;;Sim;Sim;"izm8j30, Sim";Sim;594;764;458;1018;1093
414652587;4600053670-TEC_SUDOE;"OBRAS CCM - PROCESSO";414652368;"FERNANDO NUNES FERREIRA";EH011;IUR6674;23/05/2023;"Check List Diário - CCM";"CELIO ROBERTO PEREIRA GUIMARAES";2022;2022;2022;"Tire uma foto com todos os membros da equipe";Não;Sim;;Sim;Sim;"iur6674, Sim";Sim;372;;;;
414652587;4600053670-TEC_SUDOE;"OBRAS CCM - PROCESSO";414652369;"FERNANDO NUNES FERREIRA";EH011;IUR6674;23/05/2023;"Check List Diário - CCM";"DARLEI SILVA DO PRADO";2022;2022;2022;"Tire uma foto com todos os membros da equipe";Não;Sim;;Sim;Sim;"iur6674, Sim";Sim;1097;;;;
414652587;4600053670-TEC_SUDOE;"OBRAS CCM - PROCESSO";414652370;"FERNANDO NUNES FERREIRA";EH011;IUR6674;23/05/2023;"Check List Diário - CCM";;2022;2022;2022;"Tire uma foto com todos os membros da equipe";Não;Sim;;Sim;Sim;"iur6674, Sim";Sim;728;;;;
414652587;4600053670-TEC_SUDOE;"OBRAS CCM - PROCESSO";414652371;"FERNANDO NUNES FERREIRA";EH011;IUR6674;23/05/2023;"Check List Diário - CCM";"TIAGO DE OLIVEIRA MORAIS";2022;2022;2022;"Tire uma foto com todos os membros da equipe";Não;Sim;;Sim;Sim;"iur6674, Sim";Sim;785;;;;
414652815;4600053670-TEC_SUDOE;"OBRAS CCM - PROCESSO";414652583;"TIAGO MEIRA PRADO";EH028;IYN0438;23/05/2023;"Check List Diário - CCM";;.;.;.;"Tire uma foto com todos os membros da equipe";Não;Sim;;Sim;Sim;"iyn0438, Sim";Sim;554;;;;
414653420;4600053690-SUDOESTE;"OBRAS CCM - PROCESSO";414653338;"JECIMAR BATISTA DE OLIVEIRA";4STKIT005;IUM9972;23/05/2023;"Check List Diário - CCM";;"27 02 20233";.;2023;"Tire uma foto com todos os membros da equipe";Não;Sim;;Sim;Sim;"ium 9972, Sim";Sim;1143;;;;
414653643;4600053670-TEC_SUDOE;"OBRAS CCM - PROCESSO";414653560;"NEILTON SANTOS SOUZA";EH090;ITR5320;23/05/2023;"Check List Diário - CCM";;290823;080823;030123;"Tire uma foto com todos os membros da equipe";Sim**;Sim;deslocamento;Sim;Sim;"itr5320, Sim";Sim;367;;;;
414654685;4600053670-TEC_SUDOE;"OBRAS CCM - PROCESSO";414654603;"ALVARO DOS SANTOS CARDOSO";EH015;ITR5316;23/05/2023;"Check List Diário - CCM";;2031;2023;2023;"Tire uma foto com todos os membros da equipe";Não;Não;;Sim;Sim;"itr5316, Sim";Sim;629;;;;
414656695;4600053669-TEC_OESTE;"OBRAS CCM - PROCESSO";414656476;"ALTAMIRO SOARES DE JESUS";EH165;IZY0C89;23/05/2023;"Check List Diário - CCM";;2010;09/08/2023;2019/2020;"Tire uma foto com todos os membros da equipe";Não;Sim;;Sim;Sim;"IZY0C89, Sim";Sim;737;78;1213;1230;1438
414656943;4600053670-TEC_SUDOE;"OBRAS CCM - PROCESSO";414656862;"JOELSON TRINDADE SANTOS";EH026;ITH1605;23/05/2023;"Check List Diário - CCM";;2023;2023;2023;"Tire uma foto com todos os membros da equipe";Não;Não;2023;Sim;Sim;"ith1605, Sim";Sim;245;;;;
414657284;4600053669-TEC_OESTE;"OBRAS CCM - PROCESSO";414657120;"MARCELO PEREIRA DE OLIVEIRA";EH160;IZY0C64;23/05/2023;"Check List Diário - CCM";"SEBASTIAO DE JESUS CRUZ";2005;2023;2023;"Tire uma foto com todos os membros da equipe";Não;Sim;"nao tever hoje ";Sim;Sim;"izy0c64, Sim";Sim;077;062;;;
414657284;4600053669-TEC_OESTE;"OBRAS CCM - PROCESSO";414657122;"MARCELO PEREIRA DE OLIVEIRA";EH160;IZY0C64;23/05/2023;"Check List Diário - CCM";"JOILSON BARBOSA DA SILVA";205;2023;2023;"Tire uma foto com todos os membros da equipe";Não;Sim;"nao terve hoje ";Sim;Sim;"izy0c64, Sim";Sim;1193;;;;
414659518;4600053669-TEC_OESTE;"OBRAS CCM - PROCESSO";414659297;"GUTEMBERG SILVA PERAZZO";"BAR - EH004";IZY0B96;23/05/2023;"Check List Diário - CCM";;2023;2023;2023;"Tire uma foto com todos os membros da equipe";Não;Sim;xxx;Sim;Sim;"izy0b96, Sim";Sim;718;;;;
414659622;4600053670-TEC_SUDOE;"OBRAS CCM - PROCESSO";414659541;"FLAVIO ALVES ALMEIDA";EH056;IZX2I52;23/05/2023;"Check List Diário - CCM";;32;23;23;"Tire uma foto com todos os membros da equipe";Não;Não;;Sim;Sim;"izx2i52, Sim";Sim;1293;;;;
414660257;4600053670-TEC_SUDOE;"OBRAS CCM - PROCESSO";414660174;"EDINALDO SILVA SANTOS";EH089;IXW6588;23/05/2023;"Check List Diário - CCM";;25;23;23;"Tire uma foto com todos os membros da equipe";Não;Sim;"desc com o condernador";Sim;Sim;"ixw6588, Sim";Sim;444;;;;
414661383;4600053669-TEC_OESTE;"OCORRÊNCIA / MANUTENÇÃO - P";414661282;"JOSE RODRIGUES WILSON";"BAR - EH011";IZW8D22;23/05/2023;"Check List Diário - CCM";;2022;2019;2019;"Tire uma foto com todos os membros da equipe";Não;Sim;;Sim;Sim;"izw8d22, Sim";Sim;232;1128;1422;;
414668360;4600053669-TEC_OESTE;"OBRAS CCM - PROCESSO";414668276;"FLAVIO DA SILVA AMORIM";"BAR - EH018";IZY0C81;23/05/2023;"Check List Diário - CCM";;2022;2022;2022;"Tire uma foto com todos os membros da equipe";Não;Sim;;Sim;Sim;"izy0c81, Sim";Sim;652;;;;
414668883;4600053670-TEC_SUDOE;"OCORRÊNCIA / MANUTENÇÃO - P";414668802;"MIGUEL ARAUJO DA SILVA FILHO";EH046;IYX6246;23/05/2023;"Check List Diário - CCM";;25/082025;09/05/2023;2023;"Tire uma foto com todos os membros da equipe";Não;Sim;"foco na atividade";Sim;Sim;"IYX6246, Sim";Sim;847;;1815;818;
414672159;4600053670-TEC_SUDOE;"OBRAS CCM - PROCESSO";414672073;"DIEMERSON PESSOA DA SILVA";EH040;IYY4693;23/05/2023;"Check List Diário - CCM";;23;"n a";22;"Tire uma foto com todos os membros da equipe";Não;Sim;;Sim;Sim;"iyy4693, Sim";Sim;323;;;;
414683042;4600053690-SUDOESTE;"OBRAS CCM - PROCESSO";414682933;"JECIMAR BATISTA DE OLIVEIRA";"KIT 03";IUM9972;23/05/2023;"Check List Diário - CCM";;27/02/33;.;2023;"Tire uma foto com todos os membros da equipe";Não;Não;;Sim;Sim;"ium9972, Sim";Sim;1143;;;;
414697398;4600053670-TEC_SUDOE;"OBRAS CCM - PROCESSO";414697317;"HENRIQUE PASSOS SOUZA";EH092;IXW6584;23/05/2023;"Check List Diário - CCM";;2008;2023;2023;"Tire uma foto com todos os membros da equipe";Não;Sim;;Sim;Sim;"ixw6584, Sim";Sim;2074;;;;
414773029;4600053669-TEC_OESTE;"OBRAS CCM - PROCESSO";414772940;"PEDRO PAULO CARDOSO PEREIRA";PD001;RNU1I60;23/05/2023;"Check List Diário - CCM";;2024;2023;2023;"Tire uma foto com todos os membros da equipe";Não;Sim;;Sim;Sim;"rnu1i60, Sim";Sim;1111;;;;
