﻿Turno;Contrato;"Tipo Serviço";Checklist;Lideres;Equipe;Equipe;"Data Execução";formulario;Colaborador;CNH;"DNIT/DERBA (AUTORIZACAO DE TRANSPORTE DO VEICULO)";"CRLV (DOCUMENTO DO VEICULO)";"FOTO DA EQUIPE";"COVID - Possui algum colaborador da equipe com sintomas?";"Equipe possui câmera funcional?";"Qual foi o tema do DDS de hoje?";"Todos os EPI´s estão em condições de uso (uniformes / isolantes / equipamentos para escalada segura, etc)?";"Todos os EPC´s e ferramentas estão em condições de uso (aterramentos temporários, coberturas isolantes, escadas, detector de tensão, etc)?";"O veículo está em condições de uso (documentação do veículo  / equipamentos obrigatórios  / sem vazamentos /  sinalização elétrica)?";"O(s) colaborador(es) se encontra(m) em condições física, mental e emocional para realizar suas atividades diárias?";"Matrícula/Assinatura Resp. Equipe";"Matrícula/Assinatura Integrante (1)";"Matrícula/Assinatura Integrante (2)"
456730564;4600053669-TEC_OESTE;"OBRAS CCM - PROCESSO";456730398;"MARCOS PAULO CARDOSO";"BAR - EH002";IZV9C94;13/10/2023;"Check List Diário - CCM";;16/11/2032;11/10/2023;2019;"Tire uma foto com todos os membros da equipe";Não;Sim;;Sim;Sim;"izv9c94, Sim";Sim;1148;;
456730564;4600053669-TEC_OESTE;"OBRAS CCM - PROCESSO";456730399;"MARCOS PAULO CARDOSO";"BAR - EH002";IZV9C94;13/10/2023;"Check List Diário - CCM";"DARLAN OLIVEIRA DANTAS";16/11/2032;11/10/2023;2019;"Tire uma foto com todos os membros da equipe";Não;Sim;;Sim;Sim;"izv9c94, Sim";Sim;1148;;
456730564;4600053669-TEC_OESTE;"OBRAS CCM - PROCESSO";456730400;"MARCOS PAULO CARDOSO";"BAR - EH002";IZV9C94;13/10/2023;"Check List Diário - CCM";"GIVALDO BISPO DOS REIS DE JESUS";16/11/2032;11/10/2023;2019;"Tire uma foto com todos os membros da equipe";Não;Sim;;Sim;Sim;"izv9c94, Sim";Sim;1148;;
456730564;4600053669-TEC_OESTE;"OBRAS CCM - PROCESSO";456730401;"MARCOS PAULO CARDOSO";"BAR - EH002";IZV9C94;13/10/2023;"Check List Diário - CCM";"DIEGO VENTURA DE CARVALHO";16/11/2032;11/10/2023;2019;"Tire uma foto com todos os membros da equipe";Não;Sim;;Sim;Sim;"izv9c94, Sim";Sim;1148;;
456732122;4600053669-TEC_OESTE;"OBRAS CCM - PROCESSO";456732041;"EDSON REIS MENDES SENA";"BAR - EH012";IZY0C31;13/10/2023;"Check List Diário - CCM";;2032;2023;2023;"Tire uma foto com todos os membros da equipe";Não;Não;;Sim;Sim;"izy0c31, Sim";Sim;1138;1141;
456732122;4600053669-TEC_OESTE;"OBRAS CCM - PROCESSO";456732042;"EDSON REIS MENDES SENA";"BAR - EH012";IZY0C31;13/10/2023;"Check List Diário - CCM";"FABIO MIRANDA COSTA";2032;2023;2023;"Tire uma foto com todos os membros da equipe";Não;Não;;Sim;Sim;"izy0c31, Sim";Sim;1138;1141;
456732432;4600053669-TEC_OESTE;"OBRAS CCM - PROCESSO";456732347;"FLAVIO DA SILVA AMORIM";"BAR - EH018 - EH124";IZY0C81;13/10/2023;"Check List Diário - CCM";;2022;2022;2022;"Tire uma foto com todos os membros da equipe";Não;Sim;;Sim;Sim;"uzy0c81, Sim";Sim;652;;
456734565;4600053669-TEC_OESTE;"OBRAS CCM - PROCESSO";456734480;"JOSE NILTON PEREIRA DE AMARAL";EH155;IZY0C91;13/10/2023;"Check List Diário - CCM";"COSME EDVAN DE SOUSA SILVA";0000;0000;0000;"Tire uma foto com todos os membros da equipe";Não;Sim;;Sim;Sim;"izy0c91, Sim";Sim;1460;;
456741696;4600053669-TEC_OESTE;"OBRAS CCM - PROCESSO";456741487;"LEANDRO DIAS SOUZA";EH079;ITG3563;13/10/2023;"Check List Diário - CCM";"AILZO ALVES GOMES";2023;2023;2023;"Tire uma foto com todos os membros da equipe";Não;Sim;;Sim;Sim;"itg3563, Sim";Sim;339;;
456741696;4600053669-TEC_OESTE;"OBRAS CCM - PROCESSO";456741488;"LEANDRO DIAS SOUZA";EH079;ITG3563;13/10/2023;"Check List Diário - CCM";"JOAO ALVES DOS SANTOS";2023;2023;2023;"Tire uma foto com todos os membros da equipe";Não;Sim;;Sim;Sim;"itg3563, Sim";Sim;339;;
456741696;4600053669-TEC_OESTE;"OBRAS CCM - PROCESSO";456741489;"LEANDRO DIAS SOUZA";EH079;ITG3563;13/10/2023;"Check List Diário - CCM";;2023;2023;2023;"Tire uma foto com todos os membros da equipe";Não;Sim;;Sim;Sim;"itg3563, Sim";Sim;339;;
456741696;4600053669-TEC_OESTE;"OBRAS CCM - PROCESSO";456741490;"LEANDRO DIAS SOUZA";EH079;ITG3563;13/10/2023;"Check List Diário - CCM";"MARCELINO JOSE DE FIGUEIREDO";2023;2023;2023;"Tire uma foto com todos os membros da equipe";Não;Sim;;Sim;Sim;"itg3563, Sim";Sim;339;;
456741696;4600053669-TEC_OESTE;"OBRAS CCM - PROCESSO";456741491;"LEANDRO DIAS SOUZA";EH079;ITG3563;13/10/2023;"Check List Diário - CCM";"RICHARD DOS SANTOS MORAES";2023;2023;2023;"Tire uma foto com todos os membros da equipe";Não;Sim;;Sim;Sim;"itg3563, Sim";Sim;339;;
456741696;4600053669-TEC_OESTE;"OBRAS CCM - PROCESSO";456741492;"LEANDRO DIAS SOUZA";EH079;ITG3563;13/10/2023;"Check List Diário - CCM";"GILDEMAR CARDOSO DE OLIVEIRA";2023;2023;2023;"Tire uma foto com todos os membros da equipe";Não;Sim;;Sim;Sim;"itg3563, Sim";Sim;339;;
456742009;4600053669-TEC_OESTE;"OBRAS CCM - PROCESSO";456741844;"GILDEAN VIEIRA DE BRITO";EH078;IXR0116;13/10/2023;"Check List Diário - CCM";;nao;2023;2023;"Tire uma foto com todos os membros da equipe";Não;Sim;;Sim;Sim;"ixr0116, Sim";Sim;360;;
456742009;4600053669-TEC_OESTE;"OBRAS CCM - PROCESSO";456741845;"GILDEAN VIEIRA DE BRITO";EH078;IXR0116;13/10/2023;"Check List Diário - CCM";"JOAO PAULO DE SOUZA";2024;2023;2023;"Tire uma foto com todos os membros da equipe";Não;Sim;;Sim;Sim;"ixr0116, Sim";Sim;337;;
456742009;4600053669-TEC_OESTE;"OBRAS CCM - PROCESSO";456741846;"GILDEAN VIEIRA DE BRITO";EH078;IXR0116;13/10/2023;"Check List Diário - CCM";"WELTON PEREIRA DA SILVA";nao;2023;2023;"Tire uma foto com todos os membros da equipe";Não;Sim;;Sim;Sim;"ixr0116, Sim";Sim;327;;
456742009;4600053669-TEC_OESTE;"OBRAS CCM - PROCESSO";456741847;"GILDEAN VIEIRA DE BRITO";EH078;IXR0116;13/10/2023;"Check List Diário - CCM";"RAVAN DE LIMA MATOS";nao;2023;2023;"Tire uma foto com todos os membros da equipe";Não;Sim;;Sim;Sim;"ixr0116, Sim";Sim;1027;;
456742009;4600053669-TEC_OESTE;"OBRAS CCM - PROCESSO";456741848;"GILDEAN VIEIRA DE BRITO";EH078;IXR0116;13/10/2023;"Check List Diário - CCM";"THIAGO MATIAS DANTAS";nao;2023;2023;"Tire uma foto com todos os membros da equipe";Não;Não;;Sim;Sim;"ixr0116, Sim";Sim;355;;
456743429;4600053669-TEC_OESTE;"OBRAS CCM - PROCESSO";456743338;"EDPO PEREIRA GUEDES SILVA";EH153;IZX9H04;13/10/2023;"Check List Diário - CCM";;nao;2023;2019;"Tire uma foto com todos os membros da equipe";Não;Sim;;Sim;Sim;"izx9h04, Sim";Sim;178;;
456743608;4600053669-TEC_OESTE;"OBRAS CCM - PROCESSO";456743444;"MARCIO FERREIRA SILVA";EH156;IZV9C46;13/10/2023;"Check List Diário - CCM";;23;23;23;"Tire uma foto com todos os membros da equipe";Não;Sim;;Sim;Sim;"izv9c46, Sim";Sim;1157;;
456744048;4600053669-TEC_OESTE;"OBRAS CCM - PROCESSO";456743963;"ERIVAM MOREIRA ALVES";"BAR - EH023 - EH142";IZM7D13;13/10/2023;"Check List Diário - CCM";;2024;2023;2023;"Tire uma foto com todos os membros da equipe";Não;Sim;capacete;Sim;Sim;"IZM7D13, Sim";Sim;619;1397;324
456744244;4600053669-TEC_OESTE;"OBRAS CCM - PROCESSO";456744136;"TIELO AMARO DA SILVA";EH154;IYY4711;13/10/2023;"Check List Diário - CCM";;na;na;na;"Tire uma foto com todos os membros da equipe";Não;Sim;;Sim;Sim;"IYY4711, Sim";Sim;360;;
456745209;4600053669-TEC_OESTE;"OBRAS CCM - PROCESSO";456745120;"ALTAMIRO SOARES DE JESUS";EH165;IZY0C89;13/10/2023;"Check List Diário - CCM";;2010;25/10/2023;2019/2020;"Tire uma foto com todos os membros da equipe";Não;Sim;;Sim;Sim;"IZY0C89, Sim";Sim;737;1302;1213
456746426;4600053669-TEC_OESTE;"OBRAS CCM - PROCESSO";456746229;"MARCELO DE SOUZA COSTA";EH168;IZY0C19;13/10/2023;"Check List Diário - CCM";"CLERISTON PEREIRA LEITE";2024;2023;2023;"Tire uma foto com todos os membros da equipe";Não;Sim;;Sim;Sim;"izy0c19, Sim";Sim;273;347;
456746426;4600053669-TEC_OESTE;"OBRAS CCM - PROCESSO";456746230;"MARCELO DE SOUZA COSTA";EH168;IZY0C19;13/10/2023;"Check List Diário - CCM";"DOUGLAS LUIS DA SILVA SANTOS";2024;2023;2023;"Tire uma foto com todos os membros da equipe";Não;Sim;;Sim;Sim;"izy0c19, Sim";Sim;273;738;
456746426;4600053669-TEC_OESTE;"OBRAS CCM - PROCESSO";456746231;"MARCELO DE SOUZA COSTA";EH168;IZY0C19;13/10/2023;"Check List Diário - CCM";"JOSE RUDIVAL SANTOS";2024;2023;2023;"Tire uma foto com todos os membros da equipe";Não;Sim;;Sim;Sim;"izy0c19, Sim";Sim;273;355;
456746426;4600053669-TEC_OESTE;"OBRAS CCM - PROCESSO";456746232;"MARCELO DE SOUZA COSTA";EH168;IZY0C19;13/10/2023;"Check List Diário - CCM";;2024;2023;2023;"Tire uma foto com todos os membros da equipe";Não;Sim;;Sim;Sim;"izy0c19, Sim";Sim;273;;
456746426;4600053669-TEC_OESTE;"OBRAS CCM - PROCESSO";456746233;"MARCELO DE SOUZA COSTA";EH168;IZY0C19;13/10/2023;"Check List Diário - CCM";"WASHINGTON CARDOSO VIEIRA";2024;2023;2023;"Tire uma foto com todos os membros da equipe";Não;Sim;;Sim;Sim;"izy0c19, Sim";Sim;273;1342;
456750025;4600053669-TEC_OESTE;"OBRAS CCM - PROCESSO";456749814;"MARCOS EDUARDO DA SILVA TELES";"BAR - EH014 - 1334";IZW8D23;13/10/2023;"Check List Diário - CCM";;xxx;xxx;xxx;"Tire uma foto com todos os membros da equipe";Não;Não;;Sim;Sim;"izw8d23, Sim";Sim;325;;
456750165;4600053669-TEC_OESTE;"OBRAS CCM - PROCESSO";456750077;"ALEXANDRO DIAS DOS SANTOS";"BAR - EH015 - EH122";JCY1B33;13/10/2023;"Check List Diário - CCM";;2033;2023;2023;"Tire uma foto com todos os membros da equipe";Não;Sim;;Sim;Sim;"jcy1b33, Sim";Sim;169513;;
