﻿Turno;Contrato;"Tipo Serviço";Checklist;Lideres;Equipe;Equipe;"Data Execução";formulario;Colaborador;CNH;"DNIT/DERBA (AUTORIZACAO DE TRANSPORTE DO VEICULO)";"CRLV (DOCUMENTO DO VEICULO)";"FOTO DA EQUIPE";"COVID - Possui algum colaborador da equipe com sintomas?";"Equipe possui câmera funcional?";"Qual foi o tema do DDS de hoje?";"Todos os EPI´s estão em condições de uso (uniformes / isolantes / equipamentos para escalada segura, etc)?";"Todos os EPC´s e ferramentas estão em condições de uso (aterramentos temporários, coberturas isolantes, escadas, detector de tensão, etc)?";"O veículo está em condições de uso (documentação do veículo  / equipamentos obrigatórios  / sem vazamentos /  sinalização elétrica)?";"O(s) colaborador(es) se encontra(m) em condições física, mental e emocional para realizar suas atividades diárias?";"Matrícula/Assinatura Resp. Equipe";"Matrícula/Assinatura Integrante (1)";"Matrícula/Assinatura Integrante (2)";"Matrícula/Assinatura Integrante (3)";"Matrícula/Assinatura Integrante (4)"
414980631;4600053670-TEC_SUDOE;"OBRAS CCM - PROCESSO";414980550;"SEBASTIAO SILVA";EH010;IXW8614;24/05/2023;"Check List Diário - CCM";;2023;2023;2023;"Tire uma foto com todos os membros da equipe";Não;Sim;;Sim;Sim;"ixw8614, Sim";Sim;288;;;;
414981481;4600053669-TEC_OESTE;"OBRAS CCM - PROCESSO";414981325;"ERIVAM MOREIRA ALVES";"BAR - EH023";IZM7D13;24/05/2023;"Check List Diário - CCM";;2024;2023;2023;"Tire uma foto com todos os membros da equipe";Não;Sim;capacete;Sim;Sim;"IZM7D13, Sim";Sim;619;703;893;1397;
414982171;4600053670-TEC_SUDOE;"OBRAS CCM - PROCESSO";414982080;"LUCIANO DE JESUS LOPES";EH061;IUI6809;24/05/2023;"Check List Diário - CCM";;2024;2023;2023;"Tire uma foto com todos os membros da equipe";Não;Sim;;Sim;Sim;"iui6809, Sim";Sim;1822;;;;
414982549;4600053669-TEC_OESTE;"OBRAS CCM - PROCESSO";414982352;"MARCELO DE SOUZA COSTA";EH168;IZY0C19;24/05/2023;"Check List Diário - CCM";"CLERISTON PEREIRA LEITE";2024;2023;2023;"Tire uma foto com todos os membros da equipe";Não;Sim;;Sim;Sim;"izy0c19, Sim";Sim;273;347;;;
414982549;4600053669-TEC_OESTE;"OBRAS CCM - PROCESSO";414982353;"MARCELO DE SOUZA COSTA";EH168;IZY0C19;24/05/2023;"Check List Diário - CCM";;2024;2023;2023;"Tire uma foto com todos os membros da equipe";Não;Sim;;Sim;Sim;"izy0c19, Sim";Sim;273;;;;
414982549;4600053669-TEC_OESTE;"OBRAS CCM - PROCESSO";414982354;"MARCELO DE SOUZA COSTA";EH168;IZY0C19;24/05/2023;"Check List Diário - CCM";"REINALDO BARRETO ARAGAO SOBRINHO";2024;2023;2023;"Tire uma foto com todos os membros da equipe";Não;Sim;;Sim;Sim;"izy0c19, Sim";Sim;273;1060;;;
414982549;4600053669-TEC_OESTE;"OBRAS CCM - PROCESSO";414982355;"MARCELO DE SOUZA COSTA";EH168;IZY0C19;24/05/2023;"Check List Diário - CCM";"WASHINGTON CARDOSO VIEIRA";2024;2023;2023;"Tire uma foto com todos os membros da equipe";Não;Sim;;Sim;Sim;"izy0c19, Sim";Sim;273;1342;;;
414982549;4600053669-TEC_OESTE;"OBRAS CCM - PROCESSO";414982356;"MARCELO DE SOUZA COSTA";EH168;IZY0C19;24/05/2023;"Check List Diário - CCM";"JOSE RUDIVAL SANTOS";2024;2023;2023;"Tire uma foto com todos os membros da equipe";Não;Sim;;Sim;Sim;"izy0c19, Sim";Sim;273;355;;;
414982642;4600053669-TEC_OESTE;"OBRAS CCM - PROCESSO";414982561;"RODRIGO BANDEIRA DE SOUZA";EH099;IZM2G18;24/05/2023;"Check List Diário - CCM";;2024;"12 07 2023";2023;"Tire uma foto com todos os membros da equipe";Não;Sim;;Sim;Sim;"izm2g18, Sim";Sim;1022;;;;
414983342;4600053669-TEC_OESTE;"OBRAS CCM - PROCESSO";414983257;"JEAN MANOEL MARTINS";EH103;IZV9C32;24/05/2023;"Check List Diário - CCM";;07/02/33;12/07/23;11/01/22;"Tire uma foto com todos os membros da equipe";Não;Sim;;Sim;Sim;"izv9c32, Sim";Sim;1013;;;;
414983518;4600053669-TEC_OESTE;"OBRAS CCM - PROCESSO";414983350;"MARCOS VINICIUS DO ROSARIO FERNANDES";"BAR - EH022";IZY0B59;24/05/2023;"Check List Diário - CCM";"EDISONERIO TOMAZ PEREIRA";2025;2023;2023;"Tire uma foto com todos os membros da equipe";Não;Sim;;Sim;Sim;"izy0b59, Sim";Sim;930;;;;
414983518;4600053669-TEC_OESTE;"OBRAS CCM - PROCESSO";414983351;"MARCOS VINICIUS DO ROSARIO FERNANDES";"BAR - EH022";IZY0B59;24/05/2023;"Check List Diário - CCM";"PERIVALDO OLIVEIRA DOS SANTOS";2025;2023;2023;"Tire uma foto com todos os membros da equipe";Não;Sim;;Sim;Sim;"izy0b59, Sim";Sim;930;;;;
414983518;4600053669-TEC_OESTE;"OBRAS CCM - PROCESSO";414983352;"MARCOS VINICIUS DO ROSARIO FERNANDES";"BAR - EH022";IZY0B59;24/05/2023;"Check List Diário - CCM";;2025;2023;2023;"Tire uma foto com todos os membros da equipe";Não;Sim;;Sim;Sim;"izy0b59, Sim";Sim;930;;;;
414983773;4600053669-TEC_OESTE;"OBRAS CCM - PROCESSO";414983608;"MARCOS PAULO CARDOSO";"BAR - EH002";IZV9C94;24/05/2023;"Check List Diário - CCM";;22/07/2023;11/07/2023;2019;"Tire uma foto com todos os membros da equipe";Não;Sim;;Sim;Sim;"izv9c94, Sim";Sim;1224;;;;
414983773;4600053669-TEC_OESTE;"OBRAS CCM - PROCESSO";414983609;"MARCOS PAULO CARDOSO";"BAR - EH002";IZV9C94;24/05/2023;"Check List Diário - CCM";"ALISSON CASTRO DA INVENCAO";22/07/2023;11/07/2023;2019;"Tire uma foto com todos os membros da equipe";Não;Sim;;Sim;Sim;"izv9c94, Sim";Sim;1224;;;;
414983773;4600053669-TEC_OESTE;"OBRAS CCM - PROCESSO";414983610;"MARCOS PAULO CARDOSO";"BAR - EH002";IZV9C94;24/05/2023;"Check List Diário - CCM";"DARLAN OLIVEIRA DANTAS";22/07/2023;11/07/2023;2019;"Tire uma foto com todos os membros da equipe";Não;Sim;;Sim;Sim;"izv9c94, Sim";Sim;1224;;;;
414983773;4600053669-TEC_OESTE;"OBRAS CCM - PROCESSO";414983611;"MARCOS PAULO CARDOSO";"BAR - EH002";IZV9C94;24/05/2023;"Check List Diário - CCM";"GIVALDO BISPO DOS REIS DE JESUS";22/07/2023;11/07/2023;2019;"Tire uma foto com todos os membros da equipe";Não;Sim;;Sim;Sim;"izv9c94, Sim";Sim;1224;;;;
414983773;4600053669-TEC_OESTE;"OBRAS CCM - PROCESSO";414983612;"MARCOS PAULO CARDOSO";"BAR - EH002";IZV9C94;24/05/2023;"Check List Diário - CCM";"SILVANO LIMA SANTOS";22/07/2023;11/07/2023;2019;"Tire uma foto com todos os membros da equipe";Não;Sim;;Sim;Sim;"izv9c94, Sim";Sim;1224;;;;
414983866;4600053670-TEC_SUDOE;"OBRAS CCM - PROCESSO";414983783;"OLDAIR JOSE BISPO";EH007;IUE2673;24/05/2023;"Check List Diário - CCM";;e;e;e;"Tire uma foto com todos os membros da equipe";Não;Sim;;Sim;Sim;"iue2673, Sim";Sim;455;;;;
414984436;4600053670-TEC_SUDOE;"OBRAS CCM - PROCESSO";414984090;"EDVALDO COELHO PEREIRA";EH037;IUC6885;24/05/2023;"Check List Diário - CCM";;"01 /10/2004";"12/04/2023 11/07/2023";13/01_2022;"Tire uma foto com todos os membros da equipe";Não;Sim;;Sim;Sim;"iuc 6885, Sim";Sim;838;;;;
414984929;4600053669-TEC_OESTE;"OBRAS CCM - PROCESSO";414984830;"CLERISTON MARCOS ALVES DE BRITO";EL005;RNU1I50;24/05/2023;"Check List Diário - CCM";;14/08/2024;01/04/2023;25/03/2023;"Tire uma foto com todos os membros da equipe";Não;Sim;"Escalada Segura";Sim;Sim;"RNU1I50, Sim";Sim;1187;1173;1378;;
414985400;4600053670-TEC_SUDOE;"OBRAS CCM - PROCESSO";414985315;"CICERO PATROCINIO DOS SANTOS";EH013;IXW8615;24/05/2023;"Check List Diário - CCM";;NA;2023;2022;"Tire uma foto com todos os membros da equipe";Não;Sim;;Sim;Sim;"ixw8615, Sim";Sim;1328;;;;
414985618;4600053669-TEC_OESTE;"OBRAS CCM - PROCESSO";414985442;"TONY ALEXANDRINO CANDIDO DE SOUZA";EH112;IZX3D51;24/05/2023;"Check List Diário - CCM";"ANDRESON CARLOS DOS SANTOS";2023;2023;2023;"Tire uma foto com todos os membros da equipe";Não;Sim;;Sim;Sim;"izx3d51, Sim";Sim;1191;;;;
414985618;4600053669-TEC_OESTE;"OBRAS CCM - PROCESSO";414985443;"TONY ALEXANDRINO CANDIDO DE SOUZA";EH112;IZX3D51;24/05/2023;"Check List Diário - CCM";"JOSELITO ANTUNES MACHADO JUNIOR";2023;2023;2023;"Tire uma foto com todos os membros da equipe";Não;Sim;;Sim;Sim;"izx3d51, Sim";Sim;1191;;;;
414985618;4600053669-TEC_OESTE;"OBRAS CCM - PROCESSO";414985444;"TONY ALEXANDRINO CANDIDO DE SOUZA";EH112;IZX3D51;24/05/2023;"Check List Diário - CCM";;2023;2023;2023;"Tire uma foto com todos os membros da equipe";Não;Sim;;Sim;Sim;"izx3d51, Sim";Sim;1191;;;;
414985847;4600053669-TEC_OESTE;"OBRAS CCM - PROCESSO";414985747;"JOSE LUIZ CAMARGO SANTANA";EH109;JAE2C86;24/05/2023;"Check List Diário - CCM";;2023;2023;2023;"Tire uma foto com todos os membros da equipe";Não;Sim;;Sim;Sim;"jae2c86, Sim";Sim;1052;;;;
414985933;4600053669-TEC_OESTE;"OBRAS CCM - PROCESSO";414985844;"TIELO AMARO DA SILVA";EH154;IYY4711;24/05/2023;"Check List Diário - CCM";;na;na;na;"Tire uma foto com todos os membros da equipe";Não;Sim;;Sim;Sim;"IYY4711, Sim";Sim;360;;;;
414986711;4600053670-TEC_SUDOE;"OBRAS CCM - PROCESSO";414986629;"TIAGO MEIRA PRADO";EH028;IYN0438;24/05/2023;"Check List Diário - CCM";;.;.;.;"Tire uma foto com todos os membros da equipe";Não;Sim;;Sim;Sim;"iyn0438, Sim";Sim;554;;;;
414987141;4600053669-TEC_OESTE;"OBRAS CCM - PROCESSO";414986865;"LUIZ HENRIQUE SANTOS DE SOUZA";EH101;IZY0C24;24/05/2023;"Check List Diário - CCM";;2022;2023;2022;"Tire uma foto com todos os membros da equipe";Não;Sim;;Sim;Sim;"izy0c24, Sim";Sim;1238;;;;
414987141;4600053669-TEC_OESTE;"OBRAS CCM - PROCESSO";414986866;"LUIZ HENRIQUE SANTOS DE SOUZA";EH101;IZY0C24;24/05/2023;"Check List Diário - CCM";"ODAIR LOPES CALDAS ";2022;2023;2022;"Tire uma foto com todos os membros da equipe";Não;Sim;;Sim;Sim;"izy0c24, Sim";Sim;1238;;;;
414987141;4600053669-TEC_OESTE;"OBRAS CCM - PROCESSO";414986867;"LUIZ HENRIQUE SANTOS DE SOUZA";EH101;IZY0C24;24/05/2023;"Check List Diário - CCM";"VILTON FERREIRA DE BRITO";2022;2023;2022;"Tire uma foto com todos os membros da equipe";Não;Sim;;Sim;Sim;"izy0c24, Sim";Sim;1238;;;;
414987141;4600053669-TEC_OESTE;"OBRAS CCM - PROCESSO";414986868;"LUIZ HENRIQUE SANTOS DE SOUZA";EH101;IZY0C24;24/05/2023;"Check List Diário - CCM";"WELTON FERNANDES COSTA";2022;2023;2022;"Tire uma foto com todos os membros da equipe";Não;Sim;;Sim;Sim;"izy0c24, Sim";Sim;1238;;;;
414987141;4600053669-TEC_OESTE;"OBRAS CCM - PROCESSO";414986869;"LUIZ HENRIQUE SANTOS DE SOUZA";EH101;IZY0C24;24/05/2023;"Check List Diário - CCM";"JOSE ISAC SOUZA DE ALMEIDA";2022;2023;2022;"Tire uma foto com todos os membros da equipe";Não;Sim;;Sim;Sim;"izy0c24, Sim";Sim;1238;;;;
414987756;4600053669-TEC_OESTE;"OBRAS CCM - PROCESSO";414987504;"FLAVIO DA SILVA AMORIM";"BAR - EH018";IZY0C81;24/05/2023;"Check List Diário - CCM";;2022;2022;2022;"Tire uma foto com todos os membros da equipe";Não;Sim;;Sim;Sim;"izy0c81, Sim";Sim;652;;;;
414988204;4600053669-TEC_OESTE;"OBRAS CCM - PROCESSO";414988035;"EDIMILSON OLEGARIO DOS SANTOS";EH082;IXW6585;24/05/2023;"Check List Diário - CCM";;2023;2023;2023;"Tire uma foto com todos os membros da equipe";Não;Sim;;Sim;Sim;"iyy9059, Sim";Sim;325;;;;
414988204;4600053669-TEC_OESTE;"OBRAS CCM - PROCESSO";414988036;"EDIMILSON OLEGARIO DOS SANTOS";EH082;IXW6585;24/05/2023;"Check List Diário - CCM";"IVANILCON GOMES FERREIRA";2023;2023;2023;"Tire uma foto com todos os membros da equipe";Não;Sim;;Sim;Sim;"iyy9059, Sim";Sim;823;;;;
414988204;4600053669-TEC_OESTE;"OBRAS CCM - PROCESSO";414988037;"EDIMILSON OLEGARIO DOS SANTOS";EH082;IXW6585;24/05/2023;"Check List Diário - CCM";"WELTON MIRON PEREIRA";2023;2023;2023;"Tire uma foto com todos os membros da equipe";Não;Sim;;Sim;Sim;"iyy9059, Sim";Sim;823;;;;
414988204;4600053669-TEC_OESTE;"OBRAS CCM - PROCESSO";414988038;"EDIMILSON OLEGARIO DOS SANTOS";EH082;IXW6585;24/05/2023;"Check List Diário - CCM";"ROMERO DIAS SILVA";2023;2023;2023;"Tire uma foto com todos os membros da equipe";Não;Sim;;Sim;Sim;"iyy9059, Sim";Sim;300;;;;
414988638;4600053670-TEC_SUDOE;"OBRAS CCM - PROCESSO";414988473;"EDIMAR JESUS SANTOS";EH097;IZX2B26;24/05/2023;"Check List Diário - CCM";;2021;2023;2022;"Tire uma foto com todos os membros da equipe";Não;Sim;;Sim;Sim;"izx2b26, Sim";Sim;1125;897;615;;
414988638;4600053670-TEC_SUDOE;"OBRAS CCM - PROCESSO";414988474;"EDIMAR JESUS SANTOS";EH097;IZX2B26;24/05/2023;"Check List Diário - CCM";"IURI ALVES SOUZA BOMFIM";2021;2023;2022;"Tire uma foto com todos os membros da equipe";Não;Sim;;Sim;Sim;"izx2b26, Sim";Sim;1125;897;615;;
414988638;4600053670-TEC_SUDOE;"OBRAS CCM - PROCESSO";414988475;"EDIMAR JESUS SANTOS";EH097;IZX2B26;24/05/2023;"Check List Diário - CCM";"CESAR RODRIGUES DE OLIVEIRA";2021;2023;2022;"Tire uma foto com todos os membros da equipe";Não;Sim;;Sim;Sim;"izx2b26, Sim";Sim;1125;897;615;;
414988730;4600053669-TEC_OESTE;"OCORRÊNCIA / MANUTENÇÃO - P";414988645;"EDSON FIRMINO PEREIRA";EH161;IZY0C88;24/05/2023;"Check List Diário - CCM";;.;" .";.;"Tire uma foto com todos os membros da equipe";Não;Sim;;Sim;Sim;"izy0c88, Sim";Sim;310;;;;
414988823;4600053669-TEC_OESTE;"OBRAS CCM - PROCESSO";414988742;"EDPO PEREIRA GUEDES SILVA";EH153;IZX9H04;24/05/2023;"Check List Diário - CCM";;Nao;2023;2019;"Tire uma foto com todos os membros da equipe";Não;Sim;;Sim;Sim;"izx9h04, Sim";Sim;178;;;;
414992409;4600053669-TEC_OESTE;"OBRAS CCM - PROCESSO";414992320;"HYAGO GABRIEL GOMES GOUVEIA";"BAR - EH006";IZV9C84;24/05/2023;"Check List Diário - CCM";"VALDEIS BARRETO SANTOS";2009;2022;2019;"Tire uma foto com todos os membros da equipe";Não;Sim;;Sim;Sim;"izv9c84, Sim";Sim;1410;614;1409;;
414992641;4600053669-TEC_OESTE;"OBRAS CCM - PROCESSO";414992403;"KARLLUS HENRIQUE NASCIMENTO ARAUJO";EH145;IZX2I44;24/05/2023;"Check List Diário - CCM";;2024;2023;2024;"Tire uma foto com todos os membros da equipe";Não;Sim;;Sim;Sim;"izx2i44, Sim";Sim;1307;;;;
414992641;4600053669-TEC_OESTE;"OBRAS CCM - PROCESSO";414992404;"KARLLUS HENRIQUE NASCIMENTO ARAUJO";EH145;IZX2I44;24/05/2023;"Check List Diário - CCM";"MARCOS RIBEIRO NOGUEIRA";2023;2024;2023;"Tire uma foto com todos os membros da equipe";Não;Sim;;Sim;Sim;"izx2i44, Sim";Sim;1048;;;;
414992641;4600053669-TEC_OESTE;"OBRAS CCM - PROCESSO";414992405;"KARLLUS HENRIQUE NASCIMENTO ARAUJO";EH145;IZX2I44;24/05/2023;"Check List Diário - CCM";"COSME MARIO DOS SANTOS OLIVEIRA";2024;2023;2023;"Tire uma foto com todos os membros da equipe";Não;Sim;;Sim;Sim;"izx2i44, Sim";Sim;1047;;;;
414992641;4600053669-TEC_OESTE;"OBRAS CCM - PROCESSO";414992406;"KARLLUS HENRIQUE NASCIMENTO ARAUJO";EH145;IZX2I44;24/05/2023;"Check List Diário - CCM";"TARCISIO RIBEIRO DE LIMA";2024;2023;2024;"Tire uma foto com todos os membros da equipe";Não;Sim;;Sim;Sim;"izx2i44, Sim";Sim;1307;;;;
414993054;4600053669-TEC_OESTE;"OBRAS CCM - PROCESSO";414992857;"GILDEAN VIEIRA DE BRITO";EH078;IXR0116;24/05/2023;"Check List Diário - CCM";"ALEF CARNEIRO DOS SANTOS";nao;2023;2023;"Tire uma foto com todos os membros da equipe";Não;Sim;;Sim;Sim;"ixr0116, Sim";Sim;962;;;;
414993054;4600053669-TEC_OESTE;"OBRAS CCM - PROCESSO";414992858;"GILDEAN VIEIRA DE BRITO";EH078;IXR0116;24/05/2023;"Check List Diário - CCM";;nao;2023;2023;"Tire uma foto com todos os membros da equipe";Não;Sim;;Sim;Sim;"ixr0116, Sim";Sim;360;;;;
414993054;4600053669-TEC_OESTE;"OBRAS CCM - PROCESSO";414992859;"GILDEAN VIEIRA DE BRITO";EH078;IXR0116;24/05/2023;"Check List Diário - CCM";"JOAO PAULO DE SOUZA";2025;2023;2023;"Tire uma foto com todos os membros da equipe";Não;Sim;;Sim;Sim;"ixr0116, Sim";Sim;337;;;;
414993054;4600053669-TEC_OESTE;"OBRAS CCM - PROCESSO";414992860;"GILDEAN VIEIRA DE BRITO";EH078;IXR0116;24/05/2023;"Check List Diário - CCM";"WELTON PEREIRA DA SILVA";nao;2023;2023;"Tire uma foto com todos os membros da equipe";Não;Sim;;Sim;Sim;"ixr0116, Sim";Sim;327;;;;
414993054;4600053669-TEC_OESTE;"OBRAS CCM - PROCESSO";414992861;"GILDEAN VIEIRA DE BRITO";EH078;IXR0116;24/05/2023;"Check List Diário - CCM";"THIAGO MATIAS DANTAS";nao;2023;2023;"Tire uma foto com todos os membros da equipe";Sim**;Sim;;Sim;Sim;"ixr0116, Sim";Sim;355;;;;
414993054;4600053669-TEC_OESTE;"OBRAS CCM - PROCESSO";414992862;"GILDEAN VIEIRA DE BRITO";EH078;IXR0116;24/05/2023;"Check List Diário - CCM";"RAVAN DE LIMA MATOS";nao;2023;2023;"Tire uma foto com todos os membros da equipe";Não;Sim;;Sim;Sim;"ixr0116, Sim";Sim;1027;;;;
414993227;4600053669-TEC_OESTE;"OBRAS CCM - PROCESSO";414993062;"GILBERTO DOURADO SILVA JUNIOR";EH077;IUT6498;24/05/2023;"Check List Diário - CCM";;". ";.;.;"Tire uma foto com todos os membros da equipe";Não;Não;;Sim;Sim;"iut6498, Sim";Sim;248;;;;
414993227;4600053669-TEC_OESTE;"OBRAS CCM - PROCESSO";414993063;"GILBERTO DOURADO SILVA JUNIOR";EH077;IUT6498;24/05/2023;"Check List Diário - CCM";"JOSE BERNARDO RODRIGUES FILHO";.;.;.;"Tire uma foto com todos os membros da equipe";Não;Não;;Sim;Sim;"iut6498, Sim";Sim;822;;;;
414993227;4600053669-TEC_OESTE;"OBRAS CCM - PROCESSO";414993064;"GILBERTO DOURADO SILVA JUNIOR";EH077;IUT6498;24/05/2023;"Check List Diário - CCM";"RANNIERI MATOS DE SOUZA";.;.;.;"Tire uma foto com todos os membros da equipe";Não;Não;;Sim;Sim;"iut6498, Sim";Sim;328;;;;
414993227;4600053669-TEC_OESTE;"OBRAS CCM - PROCESSO";414993065;"GILBERTO DOURADO SILVA JUNIOR";EH077;IUT6498;24/05/2023;"Check List Diário - CCM";"GILDEVAN DA SILVA DIAS";.;.;.;"Tire uma foto com todos os membros da equipe";Não;Não;;Sim;Sim;"iut6498, Sim";Sim;236;;;;
414993227;4600053669-TEC_OESTE;"OBRAS CCM - PROCESSO";414993066;"GILBERTO DOURADO SILVA JUNIOR";EH077;IUT6498;24/05/2023;"Check List Diário - CCM";"EMERSON CASTRO DOURADO MIRANDA";.;.;.;"Tire uma foto com todos os membros da equipe";Não;Não;;Sim;Sim;"iut6498, Sim";Sim;1025;;;;
414993748;4600053670-TEC_SUDOE;"OBRAS CCM - PROCESSO";414993667;"LUCAS NEVES SANTOS";EH008;IXU1866;24/05/2023;"Check List Diário - CCM";;2022;2016;01114734010;"Tire uma foto com todos os membros da equipe";Não;Sim;;Sim;Sim;"ixu1866, Sim";Sim;499;;;;
414993842;4600053669-TEC_OESTE;"OCORRÊNCIA / MANUTENÇÃO - P";414993757;"ALAN PEREIRA GOMES";EH164;IZY0C76;24/05/2023;"Check List Diário - CCM";;18/07/2023;13/02/2023;03/01/2023;"Tire uma foto com todos os membros da equipe";Não;Sim;"trabalho em altura";Sim;Sim;"izyoc76, Sim";Sim;344;1056;1438;;
414993975;4600053670-TEC_SUDOE;"OBRAS CCM - PROCESSO";414993858;"JUNIO ROCHA SERTAO";EH020;IYW1460;24/05/2023;"Check List Diário - CCM";;24;23;22;"Tire uma foto com todos os membros da equipe";Não;Sim;;Sim;Sim;"iyw1460, Sim";Sim;1778;;;;
414994416;4600053670-TEC_SUDOE;"OBRAS CCM - PROCESSO";414994333;"EDER ABREU TEIXEIRA";EH038;IXW8618;24/05/2023;"Check List Diário - CCM";;2023;2023;2023;"Tire uma foto com todos os membros da equipe";Não;Sim;;Sim;Sim;"ixw8618, Sim";Sim;718;;;;
414994572;4600053670-TEC_SUDOE;"OBRAS CCM - PROCESSO";414994422;"DEROALDO MARINHO SOUSA";EH063;IZM8J30;24/05/2023;"Check List Diário - CCM";;2024;2023;2022;"Tire uma foto com todos os membros da equipe";Não;Sim;;Sim;Sim;"izm3j30, Sim";Sim;594;458;764;1810;1093
414994684;4600053670-TEC_SUDOE;"OBRAS CCM - PROCESSO";414994601;"VALTEIR CORREIA SANTOS";EH016;IZX1H58;24/05/2023;"Check List Diário - CCM";;s;s;s;"Tire uma foto com todos os membros da equipe";Não;Sim;;Sim;Sim;"izx1h58, Sim";Sim;418;;;;
414995068;4600053670-TEC_SUDOE;"OBRAS CCM - PROCESSO";414994877;"FABRICIO LIMA SANTOS";EH060;IUF4739;24/05/2023;"Check List Diário - CCM";;2025;2023;2023;"Tire uma foto com todos os membros da equipe";Não;Sim;;Sim;Sim;"iuf4739, Sim";Sim;749;460;879;;
414995373;4600053670-TEC_SUDOE;"OBRAS CCM - PROCESSO";414995207;"WENDEEL DE OLIVEIRA PRADO";EH042;IZY0C59;24/05/2023;"Check List Diário - CCM";;010325;120723;030123;"Tire uma foto com todos os membros da equipe";Não;Sim;;Sim;Sim;"izy0c59, Sim";Sim;447;494;;;
414996601;4600053670-TEC_SUDOE;"OBRAS CCM - PROCESSO";414996517;"EDINALDO MEIRA ABREU";EH057;ITT3966;24/05/2023;"Check List Diário - CCM";;0;0;0;"Tire uma foto com todos os membros da equipe";Não;Sim;transito;Sim;Sim;"itt3966, Sim";Sim;187;;;;
414996866;4600053670-TEC_SUDOE;"OBRAS CCM - PROCESSO";414996651;"GIUELTON COSTA OLIVEIRA";EH066;IZY0C71;24/05/2023;"Check List Diário - CCM";;2022;2023;2022;"Tire uma foto com todos os membros da equipe";Não;Sim;;Sim;Sim;"izy0c71, Sim";Sim;353;;;;
414996850;4600053670-TEC_SUDOE;"OBRAS CCM - PROCESSO";414996716;"LEONARDO DE OLIVEIRA SILVA";EH029;IUB8894;24/05/2023;"Check List Diário - CCM";;2025;2023;2022;"Tire uma foto com todos os membros da equipe";Não;Sim;;Sim;Sim;"IUB8894, Sim";Sim;738;;;;
414998571;4600053669-TEC_OESTE;"OBRAS CCM - PROCESSO";414998490;"JAILTON BARRETO DE ARAUJO";"BAR - EM002";QUG8091;24/05/2023;"Check List Diário - CCM";;"28 2 33";2;2019;"Tire uma foto com todos os membros da equipe";Não;Sim;ok;Sim;Sim;"Qug8091, Sim";Sim;896;1223;;;
414998802;4600053669-TEC_OESTE;"OBRAS CCM - PROCESSO";414998721;"EMERSON ROCHA";EH152;IZY0C84;24/05/2023;"Check List Diário - CCM";;2023;2023;2023;"Tire uma foto com todos os membros da equipe";Não;Não;;Sim;Sim;"izy0c84, Sim";Sim;879;;;;
414999415;4600053669-TEC_OESTE;"OBRAS CCM - PROCESSO";414999329;"ALTAMIRO SOARES DE JESUS";EH165;IZY0C89;24/05/2023;"Check List Diário - CCM";;2010;09/08/2023;2019/2020;"Tire uma foto com todos os membros da equipe";Não;Sim;;Sim;Sim;"IZY0C89, Sim";Sim;737;78;1213;1302;1230
414999774;4600053669-TEC_OESTE;"OCORRÊNCIA / MANUTENÇÃO - P";414999638;"JOSE RODRIGUES WILSON";"BAR - EH011";IZW8D22;24/05/2023;"Check List Diário - CCM";;2022;2019;2019;"Tire uma foto com todos os membros da equipe";Não;Sim;;Sim;Sim;"izw8d22, Sim";Sim;232;1128;1422;;
414999965;4600053669-TEC_OESTE;"OBRAS CCM - PROCESSO";414999810;"MARCELO PEREIRA DE OLIVEIRA";EH160;IZY0C64;24/05/2023;"Check List Diário - CCM";"SEBASTIAO DE JESUS CRUZ";2023;2023;2005;"Tire uma foto com todos os membros da equipe";Não;Sim;;Sim;Sim;"izy0c64, Sim";Sim;077;062;;;
415000126;4600053670-TEC_SUDOE;"OBRAS CCM - PROCESSO";415000042;"JONATHAN DE JESUS SANTOS";EH034;IUQ9132;24/05/2023;"Check List Diário - CCM";;2023;2023;2022;"Tire uma foto com todos os membros da equipe";Não;Sim;;Sim;Sim;"iuq9132, Sim";Sim;269;;;;
415003729;4600053669-TEC_OESTE;"OBRAS CCM - PROCESSO";415003644;"CARLOS HENRIQUE BOTELHO DA CRUZ";"BAR - EH007";IZW7I90;24/05/2023;"Check List Diário - CCM";;2023;2023;2023;"Tire uma foto com todos os membros da equipe";Não;Sim;;Sim;Sim;"izw7i90, Sim";Sim;624;763;1211;;
415004074;4600053669-TEC_OESTE;"OCORRÊNCIA / MANUTENÇÃO - P";415003909;"DENILSON DA COSTA MENDES";"BAR - EH010";IZX9H08;24/05/2023;"Check List Diário - CCM";;0;0;0;"Tire uma foto com todos os membros da equipe";Não;Sim;;Sim;Sim;"izx9h08, Sim";Sim;897;;;;
415004074;4600053669-TEC_OESTE;"OCORRÊNCIA / MANUTENÇÃO - P";415003910;"DENILSON DA COSTA MENDES";"BAR - EH010";IZX9H08;24/05/2023;"Check List Diário - CCM";"NADSON LEONARDO PORTUGAL DOS SANTOS";0;0;0;"Tire uma foto com todos os membros da equipe";Não;Sim;;Sim;Sim;"izx9h08, Sim";Sim;1221;;;;
415004074;4600053669-TEC_OESTE;"OCORRÊNCIA / MANUTENÇÃO - P";415003911;"DENILSON DA COSTA MENDES";"BAR - EH010";IZX9H08;24/05/2023;"Check List Diário - CCM";"LEONARDO HENRIQUE SANTOS DE OLIVEIRA";0;0;0;"Tire uma foto com todos os membros da equipe";Não;Sim;;Sim;Sim;"izx9h08, Sim";Sim;938;;;;
415005463;4600053670-TEC_SUDOE;"OBRAS CCM - PROCESSO";415005298;"FERNANDO NUNES FERREIRA";EH011;IUR6674;24/05/2023;"Check List Diário - CCM";"CELIO ROBERTO PEREIRA GUIMARAES";2022;2022;2022;"Tire uma foto com todos os membros da equipe";Não;Sim;;Sim;Sim;"iur6674, Sim";Sim;372;;;;
415005463;4600053670-TEC_SUDOE;"OBRAS CCM - PROCESSO";415005299;"FERNANDO NUNES FERREIRA";EH011;IUR6674;24/05/2023;"Check List Diário - CCM";"DARLEI SILVA DO PRADO";2022;2022;2022;"Tire uma foto com todos os membros da equipe";Não;Sim;;Sim;Sim;"iur6674, Sim";Sim;1097;;;;
415005463;4600053670-TEC_SUDOE;"OBRAS CCM - PROCESSO";415005300;"FERNANDO NUNES FERREIRA";EH011;IUR6674;24/05/2023;"Check List Diário - CCM";;2022;2022;2022;"Tire uma foto com todos os membros da equipe";Não;Sim;;Sim;Sim;"iur6674, Sim";Sim;728;;;;
415005463;4600053670-TEC_SUDOE;"OBRAS CCM - PROCESSO";415005301;"FERNANDO NUNES FERREIRA";EH011;IUR6674;24/05/2023;"Check List Diário - CCM";"TIAGO DE OLIVEIRA MORAIS";2022;2022;2022;"Tire uma foto com todos os membros da equipe";Não;Sim;;Sim;Sim;"iur6674, Sim";Sim;785;;;;
415006065;4600053669-TEC_OESTE;"OBRAS CCM - PROCESSO";415005900;"EDVANE RAMOS PEREIRA";"BAR - EH003";IZN1I79;24/05/2023;"Check List Diário - CCM";"CARLOS LEMOS DE ALMEIDA";20052025;21012023;11012023;"Tire uma foto com todos os membros da equipe";Não;Sim;;Sim;Sim;"izn1i79, Sim";Sim;621;;;;
415006065;4600053669-TEC_OESTE;"OBRAS CCM - PROCESSO";415005901;"EDVANE RAMOS PEREIRA";"BAR - EH003";IZN1I79;24/05/2023;"Check List Diário - CCM";;20042032;21012023;11012023;"Tire uma foto com todos os membros da equipe";Não;Sim;;Sim;Sim;"izn1i79, Sim";Sim;621;;;;
415006065;4600053669-TEC_OESTE;"OBRAS CCM - PROCESSO";415005902;"EDVANE RAMOS PEREIRA";"BAR - EH003";IZN1I79;24/05/2023;"Check List Diário - CCM";"MARCOS QUEIROZ LIMA";01122024;11012023;11012023;"Tire uma foto com todos os membros da equipe";Não;Sim;;Sim;Sim;"izn1i79, Sim";Sim;621;;;;
415006065;4600053669-TEC_OESTE;"OBRAS CCM - PROCESSO";415005903;"EDVANE RAMOS PEREIRA";"BAR - EH003";IZN1I79;24/05/2023;"Check List Diário - CCM";"RAMON DE OLIVEIRA SANTOS";18082025;21012023;11012023;"Tire uma foto com todos os membros da equipe";Não;Sim;;Sim;Sim;"izn1i79, Sim";Sim;621;;;;
415006065;4600053669-TEC_OESTE;"OBRAS CCM - PROCESSO";415005904;"EDVANE RAMOS PEREIRA";"BAR - EH003";IZN1I79;24/05/2023;"Check List Diário - CCM";"RONALDO SANTANA DE SENA";610599;21012023;11012023;"Tire uma foto com todos os membros da equipe";Não;Sim;;Sim;Sim;"izn1i79, Sim";Sim;621;;;;
415007000;4600053669-TEC_OESTE;"OBRAS CCM - PROCESSO";415006885;"PEDRO PAULO CARDOSO PEREIRA";PD001;RNU1I60;24/05/2023;"Check List Diário - CCM";;2024;2023;2023;"Tire uma foto com todos os membros da equipe";Não;Sim;;Sim;Sim;"rnu1i60, Sim";Sim;1111;;;;
415008393;4600053690-SUDOESTE;"OBRAS CCM - PROCESSO";415008312;"JECIMAR BATISTA DE OLIVEIRA";"KIT 03";IUM9972;24/05/2023;"Check List Diário - CCM";;"27 02 2033";.;2023;"Tire uma foto com todos os membros da equipe";Não;Sim;;Sim;Sim;"ium 9972, Sim";Sim;1143;;;;
415009028;4600053670-TEC_SUDOE;"OBRAS CCM - PROCESSO";415008942;"JOELSON TRINDADE SANTOS";EH026;ITH1605;24/05/2023;"Check List Diário - CCM";;2023;2023;2023;"Tire uma foto com todos os membros da equipe";Não;Não;;Sim;Sim;"ith1605, Sim";Sim;245;;;;
415013711;4600053670-TEC_SUDOE;"OCORRÊNCIA / MANUTENÇÃO - P";415013629;"MIGUEL ARAUJO DA SILVA FILHO";EH046;IYX6246;24/05/2023;"Check List Diário - CCM";;2025;2023;2023;"Tire uma foto com todos os membros da equipe";Não;Sim;"escalada segura";Sim;Sim;"iyx6246, Sim";Sim;847;;;;
415013795;4600053670-TEC_SUDOE;"OBRAS CCM - PROCESSO";415013714;"FLAVIO ALVES ALMEIDA";EH056;IZX2I52;24/05/2023;"Check List Diário - CCM";;32;23;23;"Tire uma foto com todos os membros da equipe";Não;Sim;;Sim;Sim;"izx2i52, Sim";Sim;1293;;;;
415017791;4600053669-TEC_OESTE;"OBRAS CCM - PROCESSO";415017706;"GUTEMBERG SILVA PERAZZO";"BAR - EH004";IZY0B96;24/05/2023;"Check List Diário - CCM";;xxxx;xx;xx;"Tire uma foto com todos os membros da equipe";Não;Não;;Sim;Sim;"izy0b96, Sim";Sim;718;;;;
415020970;4600053670-TEC_SUDOE;"OBRAS CCM - PROCESSO";415020887;"NEILTON SANTOS SOUZA";EH090;ITR5320;24/05/2023;"Check List Diário - CCM";;290823;080823;030123;"Tire uma foto com todos os membros da equipe";Não;Sim;deslocamento;Sim;Sim;"itr5320, Sim";Sim;367;;;;
415022524;4600053670-TEC_SUDOE;"OBRAS CCM - PROCESSO";415022442;"HENRIQUE PASSOS SOUZA";EH092;IXW6584;24/05/2023;"Check List Diário - CCM";;2009;2023;2023;"Tire uma foto com todos os membros da equipe";Não;Sim;;Sim;Sim;"ixw6584, Sim";Sim;2074;;;;
415028959;4600053670-TEC_SUDOE;"OBRAS CCM - PROCESSO";415028860;"DIEMERSON PESSOA DA SILVA";EH040;IYY4693;24/05/2023;"Check List Diário - CCM";;23;"n a";22;"Tire uma foto com todos os membros da equipe";Não;Sim;;Sim;Sim;"iyy4693, Sim";Sim;323;;;;
415060070;4600053669-TEC_OESTE;"OBRAS CCM - PROCESSO";415059905;"EDSON REIS MENDES SENA";"BAR - EH012";IZY0C31;24/05/2023;"Check List Diário - CCM";;2032;2023;2023;"Tire uma foto com todos os membros da equipe";Não;Não;;Sim;Sim;"izy0c31, Sim";Sim;1153;1202;1199;1362;
415060070;4600053669-TEC_OESTE;"OBRAS CCM - PROCESSO";415059906;"EDSON REIS MENDES SENA";"BAR - EH012";IZY0C31;24/05/2023;"Check List Diário - CCM";"MARCIEL ROSA SANTANA";2032;2023;2023;"Tire uma foto com todos os membros da equipe";Não;Não;;Sim;Sim;"izy0c31, Sim";Sim;1153;1202;1199;1362;
415060070;4600053669-TEC_OESTE;"OBRAS CCM - PROCESSO";415059907;"EDSON REIS MENDES SENA";"BAR - EH012";IZY0C31;24/05/2023;"Check List Diário - CCM";"SAMUEL NASCIMENTO QUADROS";2032;2023;2023;"Tire uma foto com todos os membros da equipe";Não;Não;;Sim;Sim;"izy0c31, Sim";Sim;1153;1202;1199;1362;
415060070;4600053669-TEC_OESTE;"OBRAS CCM - PROCESSO";415059908;"EDSON REIS MENDES SENA";"BAR - EH012";IZY0C31;24/05/2023;"Check List Diário - CCM";"ITAMAR DE CARVALHO REIS";2032;2023;2023;"Tire uma foto com todos os membros da equipe";Não;Não;;Sim;Sim;"izy0c31, Sim";Sim;1153;1202;1362;1199;
