﻿Turno;Contrato;"Tipo Serviço";Checklist;Lideres;Equipe;Equipe;"Data Execução";formulario;Colaborador;CNH;"DNIT/DERBA (AUTORIZACAO DE TRANSPORTE DO VEICULO)";"CRLV (DOCUMENTO DO VEICULO)";"FOTO DA EQUIPE";"COVID - Possui algum colaborador da equipe com sintomas?";"Equipe possui câmera funcional?";"Qual foi o tema do DDS de hoje?";"Todos os EPI´s estão em condições de uso (uniformes / isolantes / equipamentos para escalada segura, etc)?";"Todos os EPC´s e ferramentas estão em condições de uso (aterramentos temporários, coberturas isolantes, escadas, detector de tensão, etc)?";"O veículo está em condições de uso (documentação do veículo  / equipamentos obrigatórios  / sem vazamentos /  sinalização elétrica)?";"O(s) colaborador(es) se encontra(m) em condições física, mental e emocional para realizar suas atividades diárias?";"Matrícula/Assinatura Resp. Equipe";"Matrícula/Assinatura Integrante (1)";"Matrícula/Assinatura Integrante (2)";"Matrícula/Assinatura Integrante (3)";"Matrícula/Assinatura Integrante (4)"
418541771;4600053669-TEC_OESTE;"OBRAS CCM - PROCESSO";418541606;"KARLLUS HENRIQUE NASCIMENTO ARAUJO";EH145;IZX2I44;06/06/2023;"Check List Diário - CCM";;2024;2023;2023;"Tire uma foto com todos os membros da equipe";Não;Sim;;Sim;Sim;"izx2i44, Sim";Sim;1307;;;;
418541771;4600053669-TEC_OESTE;"OBRAS CCM - PROCESSO";418541607;"KARLLUS HENRIQUE NASCIMENTO ARAUJO";EH145;IZX2I44;06/06/2023;"Check List Diário - CCM";"TARCISIO RIBEIRO DE LIMA";2024;2023;2023;"Tire uma foto com todos os membros da equipe";Não;Sim;;Sim;Sim;"izx2i44, Sim";Sim;1307;;;;
418541771;4600053669-TEC_OESTE;"OBRAS CCM - PROCESSO";418541608;"KARLLUS HENRIQUE NASCIMENTO ARAUJO";EH145;IZX2I44;06/06/2023;"Check List Diário - CCM";"MARCOS RIBEIRO NOGUEIRA";2024;2023;2023;"Tire uma foto com todos os membros da equipe";Não;Sim;;Sim;Sim;"izx2i44, Sim";Sim;1307;;;;
418541771;4600053669-TEC_OESTE;"OBRAS CCM - PROCESSO";418541609;"KARLLUS HENRIQUE NASCIMENTO ARAUJO";EH145;IZX2I44;06/06/2023;"Check List Diário - CCM";"COSME MARIO DOS SANTOS OLIVEIRA";2024;2023;2023;"Tire uma foto com todos os membros da equipe";Não;Sim;;Sim;Sim;"izx2i44, Sim";Sim;1307;;;;
418541919;4600053670-TEC_SUDOE;"OBRAS CCM - PROCESSO";418541838;"NEILTON SANTOS SOUZA";EH090;ITR5320;06/06/2023;"Check List Diário - CCM";;290823;080823;030123;"Tire uma foto com todos os membros da equipe";Não;Sim;deslocamento;Sim;Sim;"itr5320, Sim";Sim;367;;;;
418542466;4600053669-TEC_OESTE;"OBRAS CCM - PROCESSO";418542385;"JOSE LUIZ CAMARGO SANTANA";EH109;JAE2C86;06/06/2023;"Check List Diário - CCM";;2023;2023;2023;"Tire uma foto com todos os membros da equipe";Não;Sim;;Sim;Sim;"jae2c86, Sim";Sim;1052;;;;
418542894;4600053669-TEC_OESTE;"OBRAS CCM - PROCESSO";418542797;"RODRIGO BANDEIRA DE SOUZA";EH099;IZM2G18;06/06/2023;"Check List Diário - CCM";;2024;12/07/2023;8/2024;"Tire uma foto com todos os membros da equipe";Não;Sim;;Sim;Sim;"izm2g18, Sim";Sim;1022;;;;
418543099;4600053669-TEC_OESTE;"OBRAS CCM - PROCESSO";418543014;"JEAN MANOEL MARTINS";EH103;IZV9C32;06/06/2023;"Check List Diário - CCM";;07/02/33;12/07/23;11/01/22;"Tire uma foto com todos os membros da equipe";Não;Sim;;Sim;Sim;"izv9c32, Sim";Sim;1013;;;;
418543594;4600053669-TEC_OESTE;"OBRAS CCM - PROCESSO";418543511;"FLAVIO DA SILVA AMORIM";"BAR - EH018";IZY0C81;06/06/2023;"Check List Diário - CCM";;2022;2022;2022;"Tire uma foto com todos os membros da equipe";Não;Sim;;Sim;Sim;"izy0c81, Sim";Sim;652;;;;
418544181;4600053670-TEC_SUDOE;"OBRAS CCM - PROCESSO";418544087;"RONALDO DE JESUS ALMEIDA";EH035;IYY6784;06/06/2023;"Check List Diário - CCM";;2025;2023;2022;"Tire uma foto com todos os membros da equipe";Não;Sim;;Sim;Sim;"iyy6784, Sim";Sim;472;;;;
418544615;4600053670-TEC_SUDOE;"OBRAS CCM - PROCESSO";418544534;"SEBASTIAO SILVA";EH010;IXW8614;06/06/2023;"Check List Diário - CCM";;2023;2023;2023;"Tire uma foto com todos os membros da equipe";Não;Sim;;Sim;Sim;"ixw8614, Sim";Sim;288;;;;
418544891;4600053670-TEC_SUDOE;"OBRAS CCM - PROCESSO";418544806;"EDVALDO COELHO PEREIRA";EH037;IUC6885;06/06/2023;"Check List Diário - CCM";;01/10/2004;"12/04/2023 11/07/2023";13/01/2022;"Tire uma foto com todos os membros da equipe";Não;Sim;;Sim;Sim;"iuc6885, Sim";Sim;838;;;;
418545420;4600053669-TEC_OESTE;"OBRAS CCM - PROCESSO";418545223;"MARCOS PAULO CARDOSO";"BAR - EH002";IZV9C94;06/06/2023;"Check List Diário - CCM";"ALISSON CASTRO DA INVENCAO";22072023;19102023;23082023;"Tire uma foto com todos os membros da equipe";Não;Sim;"seguranca ";Sim;Sim;"izv9c94, Sim";Sim;1224;;1225;;
418545420;4600053669-TEC_OESTE;"OBRAS CCM - PROCESSO";418545224;"MARCOS PAULO CARDOSO";"BAR - EH002";IZV9C94;06/06/2023;"Check List Diário - CCM";"DARLAN OLIVEIRA DANTAS";22072023;19102023;23082028;"Tire uma foto com todos os membros da equipe";Não;Sim;seguranca;Sim;Sim;"izv9c94, Sim";Sim;1224;1151;;;
418545420;4600053669-TEC_OESTE;"OBRAS CCM - PROCESSO";418545225;"MARCOS PAULO CARDOSO";"BAR - EH002";IZV9C94;06/06/2023;"Check List Diário - CCM";"GIVALDO BISPO DOS REIS DE JESUS";22072023;19102023;23082023;"Tire uma foto com todos os membros da equipe";Não;Sim;seguranca;Sim;Sim;"izv9c94, Sim";Sim;1224;1220;;;
418545420;4600053669-TEC_OESTE;"OBRAS CCM - PROCESSO";418545226;"MARCOS PAULO CARDOSO";"BAR - EH002";IZV9C94;06/06/2023;"Check List Diário - CCM";"SILVANO LIMA SANTOS";22072023;19102020;23082023;"Tire uma foto com todos os membros da equipe";Não;Sim;seguranca;Sim;Sim;"izv9c94, Sim";Sim;1224;1179;;;
418545420;4600053669-TEC_OESTE;"OBRAS CCM - PROCESSO";418545227;"MARCOS PAULO CARDOSO";"BAR - EH002";IZV9C94;06/06/2023;"Check List Diário - CCM";;22072023;19102023;230082023;"Tire uma foto com todos os membros da equipe";Não;Sim;seguranca;Sim;Sim;"izv9c94, Sim";Sim;1224;1224;;;
418545644;4600053669-TEC_OESTE;"OBRAS CCM - PROCESSO";418545559;"ALAN PEREIRA GOMES";EH164;IZY0C76;06/06/2023;"Check List Diário - CCM";;18/07/2013;08/08/23;3/01/23;"Tire uma foto com todos os membros da equipe";Não;Sim;"animais pecoente";Sim;Sim;"izy0c76, Sim";Sim;344;1056;1438;;
418546890;4600053669-TEC_OESTE;"OBRAS CCM - PROCESSO";418546670;"MARCELO DE SOUZA COSTA";EH168;IZY0C19;06/06/2023;"Check List Diário - CCM";"CLERISTON PEREIRA LEITE";2024;2023;2023;"Tire uma foto com todos os membros da equipe";Não;Sim;;Sim;Sim;"izy0c19, Sim";Sim;273;347;;;
418546890;4600053669-TEC_OESTE;"OBRAS CCM - PROCESSO";418546671;"MARCELO DE SOUZA COSTA";EH168;IZY0C19;06/06/2023;"Check List Diário - CCM";;2024;2023;2023;"Tire uma foto com todos os membros da equipe";Não;Sim;;Sim;Sim;"izy0c19, Sim";Sim;273;;;;
418546890;4600053669-TEC_OESTE;"OBRAS CCM - PROCESSO";418546672;"MARCELO DE SOUZA COSTA";EH168;IZY0C19;06/06/2023;"Check List Diário - CCM";"REINALDO BARRETO ARAGAO SOBRINHO";2024;2023;2023;"Tire uma foto com todos os membros da equipe";Não;Sim;;Sim;Sim;"izy0c19, Sim";Sim;273;1060;;;
418546890;4600053669-TEC_OESTE;"OBRAS CCM - PROCESSO";418546673;"MARCELO DE SOUZA COSTA";EH168;IZY0C19;06/06/2023;"Check List Diário - CCM";"WASHINGTON CARDOSO VIEIRA";2024;2023;2023;"Tire uma foto com todos os membros da equipe";Não;Sim;;Sim;Sim;"izy0c19, Sim";Sim;273;1342;;;
418546890;4600053669-TEC_OESTE;"OBRAS CCM - PROCESSO";418546674;"MARCELO DE SOUZA COSTA";EH168;IZY0C19;06/06/2023;"Check List Diário - CCM";"JOSE RUDIVAL SANTOS";2024;2023;2023;"Tire uma foto com todos os membros da equipe";Não;Sim;;Sim;Sim;"izy0c19, Sim";Sim;273;355;;;
418547788;4600053669-TEC_OESTE;"OBRAS CCM - PROCESSO";418547592;"EDIMILSON OLEGARIO DOS SANTOS";EH082;IXW6585;06/06/2023;"Check List Diário - CCM";;2023;2023;201u;"Tire uma foto com todos os membros da equipe";Não;Sim;;Sim;Sim;"ixw6585, Sim";Sim;325;;;;
418547788;4600053669-TEC_OESTE;"OBRAS CCM - PROCESSO";418547593;"EDIMILSON OLEGARIO DOS SANTOS";EH082;IXW6585;06/06/2023;"Check List Diário - CCM";"IVANILCON GOMES FERREIRA";2022;2023;2017;"Tire uma foto com todos os membros da equipe";Não;Sim;;Sim;Sim;"ixw6585, Sim";Sim;325;823;;;
418547788;4600053669-TEC_OESTE;"OBRAS CCM - PROCESSO";418547594;"EDIMILSON OLEGARIO DOS SANTOS";EH082;IXW6585;06/06/2023;"Check List Diário - CCM";"WELTON MIRON PEREIRA";2023;2023;2017;"Tire uma foto com todos os membros da equipe";Não;Sim;;Sim;Sim;"ixw6585, Sim";Sim;325;275;;;
418547788;4600053669-TEC_OESTE;"OBRAS CCM - PROCESSO";418547595;"EDIMILSON OLEGARIO DOS SANTOS";EH082;IXW6585;06/06/2023;"Check List Diário - CCM";"ROMERO DIAS SILVA";2023;2023;2017;"Tire uma foto com todos os membros da equipe";Não;Sim;;Sim;Sim;"ixw6585, Sim";Sim;325;300;;;
418549804;4600053670-TEC_SUDOE;"OBRAS CCM - PROCESSO";418549600;"LUCIANO DE JESUS LOPES";EH061;IZM8J30;06/06/2023;"Check List Diário - CCM";;2024;2023;2023;"Tire uma foto com todos os membros da equipe";Não;Sim;;Sim;Sim;"izm8j30, Sim";Sim;1822;;;;
418551234;4600053670-TEC_SUDOE;"OBRAS CCM - PROCESSO";418550959;"FERNANDO NUNES FERREIRA";EH011;IUR6674;06/06/2023;"Check List Diário - CCM";"CELIO ROBERTO PEREIRA GUIMARAES";2022;2022;2022;"Tire uma foto com todos os membros da equipe";Não;Sim;;Sim;Sim;"iur6674, Sim";Sim;372;;;;
418551234;4600053670-TEC_SUDOE;"OBRAS CCM - PROCESSO";418550960;"FERNANDO NUNES FERREIRA";EH011;IUR6674;06/06/2023;"Check List Diário - CCM";"DARLEI SILVA DO PRADO";2022;2022;2022;"Tire uma foto com todos os membros da equipe";Não;Sim;;Sim;Sim;"iur6674, Sim";Sim;1097;;;;
418551234;4600053670-TEC_SUDOE;"OBRAS CCM - PROCESSO";418550961;"FERNANDO NUNES FERREIRA";EH011;IUR6674;06/06/2023;"Check List Diário - CCM";;2022;2022;2022;"Tire uma foto com todos os membros da equipe";Não;Sim;;Sim;Sim;"iur6674, Sim";Sim;728;;;;
418551234;4600053670-TEC_SUDOE;"OBRAS CCM - PROCESSO";418550962;"FERNANDO NUNES FERREIRA";EH011;IUR6674;06/06/2023;"Check List Diário - CCM";"TIAGO DE OLIVEIRA MORAIS";2022;2022;2022;"Tire uma foto com todos os membros da equipe";Sim**;Sim;;Sim;Sim;"iur6674, Sim";Sim;785;785;;;
418552378;4600053669-TEC_OESTE;"OCORRÊNCIA / MANUTENÇÃO - P";418552297;"EDSON FIRMINO PEREIRA";EH161;IZY0C88;06/06/2023;"Check List Diário - CCM";;.;.;.;"Tire uma foto com todos os membros da equipe";Não;Sim;;Sim;Sim;"izy0c88, Sim";Sim;310;310;;;
418552689;4600053690-SUDOESTE;"OBRAS CCM - PROCESSO";418552597;"JECIMAR BATISTA DE OLIVEIRA";"KIT 03";IUM9972;06/06/2023;"Check List Diário - CCM";;"27 02 2033";.;2023;"Tire uma foto com todos os membros da equipe";Não;Sim;;Sim;Sim;"ium 9972, Sim";Sim;1143;;;;
418553074;4600053669-TEC_OESTE;"OBRAS CCM - PROCESSO";418552909;"EDPO PEREIRA GUEDES SILVA";EH153;IZX9H04;06/06/2023;"Check List Diário - CCM";;Nao;2023;2019;"Tire uma foto com todos os membros da equipe";Não;Sim;;Sim;Sim;"izx9h04, Sim";Sim;178;;;;
418553380;4600053670-TEC_SUDOE;"OBRAS CCM - PROCESSO";418553238;"EDINALDO MEIRA ABREU";EH057;ITT3966;06/06/2023;"Check List Diário - CCM";;0;0;0;"Tire uma foto com todos os membros da equipe";Não;Sim;"animais pesoiento";Sim;Sim;"itt3966, Sim";Sim;187;;;;
418553974;4600053669-TEC_OESTE;"OBRAS CCM - PROCESSO";418553560;"LUIZ HENRIQUE SANTOS DE SOUZA";EH101;IZY0C24;06/06/2023;"Check List Diário - CCM";;2022;2023;2022;"Tire uma foto com todos os membros da equipe";Não;Sim;;Sim;Sim;"izy0c24, Sim";Sim;1238;;;;
418553974;4600053669-TEC_OESTE;"OBRAS CCM - PROCESSO";418553561;"LUIZ HENRIQUE SANTOS DE SOUZA";EH101;IZY0C24;06/06/2023;"Check List Diário - CCM";"ODAIR LOPES CALDAS ";2022;2023;2022;"Tire uma foto com todos os membros da equipe";Não;Sim;;Sim;Sim;"izy0c24, Sim";Sim;1238;;;;
418553974;4600053669-TEC_OESTE;"OBRAS CCM - PROCESSO";418553562;"LUIZ HENRIQUE SANTOS DE SOUZA";EH101;IZY0C24;06/06/2023;"Check List Diário - CCM";"VILTON FERREIRA DE BRITO";2022;2023;2022;"Tire uma foto com todos os membros da equipe";Não;Sim;;Sim;Sim;"izy0c24, Sim";Sim;1238;;;;
418553974;4600053669-TEC_OESTE;"OBRAS CCM - PROCESSO";418553563;"LUIZ HENRIQUE SANTOS DE SOUZA";EH101;IZY0C24;06/06/2023;"Check List Diário - CCM";"WELTON FERNANDES COSTA";2022;2023;2022;"Tire uma foto com todos os membros da equipe";Não;Sim;;Sim;Sim;"izy0c24, Sim";Sim;1238;;;;
418553974;4600053669-TEC_OESTE;"OBRAS CCM - PROCESSO";418553564;"LUIZ HENRIQUE SANTOS DE SOUZA";EH101;IZY0C24;06/06/2023;"Check List Diário - CCM";"JOSE ISAC SOUZA DE ALMEIDA";2022;2023;2022;"Tire uma foto com todos os membros da equipe";Não;Sim;;Sim;Sim;"izy0c24, Sim";Sim;1238;;;;
418554051;4600053670-TEC_SUDOE;"OBRAS CCM - PROCESSO";418553701;"EDIMAR JESUS SANTOS";EH097;IZX2B26;06/06/2023;"Check List Diário - CCM";;2021;2023;2022;"Tire uma foto com todos os membros da equipe";Não;Sim;;Sim;Sim;"izx2b26, Sim";Sim;1125;897;615;;
418554051;4600053670-TEC_SUDOE;"OBRAS CCM - PROCESSO";418553702;"EDIMAR JESUS SANTOS";EH097;IZX2B26;06/06/2023;"Check List Diário - CCM";"IURI ALVES SOUZA BOMFIM";2021;2023;2022;"Tire uma foto com todos os membros da equipe";Não;Sim;;Sim;Sim;"izx2b26, Sim";Sim;1125;897;615;;
418554051;4600053670-TEC_SUDOE;"OBRAS CCM - PROCESSO";418553703;"EDIMAR JESUS SANTOS";EH097;IZX2B26;06/06/2023;"Check List Diário - CCM";"CESAR RODRIGUES DE OLIVEIRA";2021;2023;2022;"Tire uma foto com todos os membros da equipe";Não;Sim;;Sim;Sim;"izx2b26, Sim";Sim;1125;897;615;;
418554187;4600053669-TEC_OESTE;"OBRAS CCM - PROCESSO";418554102;"RODRIGO DE ALMEIDA SILVA";EH156;IZV9C46;06/06/2023;"Check List Diário - CCM";;0;0;0;"Tire uma foto com todos os membros da equipe";Não;Sim;;Sim;Sim;"izv9c46, Sim";Sim;912;;;;
418554325;4600053670-TEC_SUDOE;"OBRAS CCM - PROCESSO";418554242;"TIAGO MEIRA PRADO";EH028;IYN0438;06/06/2023;"Check List Diário - CCM";;.;.;.;"Tire uma foto com todos os membros da equipe";Não;Sim;;Sim;Sim;"iyn0438, Sim";Sim;554;;;;
418554459;4600053670-TEC_SUDOE;"OBRAS CCM - PROCESSO";418554371;"FABIO JUNIOR ROCHA DE JESUS";EH024;IYC1480;06/06/2023;"Check List Diário - CCM";;2023;2023;2024;"Tire uma foto com todos os membros da equipe";Não;Sim;;Sim;Sim;"hbn, Sim";Sim;823;;;;
418554815;4600053670-TEC_SUDOE;"OBRAS CCM - PROCESSO";418554732;"JUNIO ROCHA SERTAO";EH020;IYW1460;06/06/2023;"Check List Diário - CCM";;24;23;22;"Tire uma foto com todos os membros da equipe";Não;Sim;;Sim;Sim;"iyw1460, Sim";Sim;1778;;;;
418555274;4600053670-TEC_SUDOE;"OBRAS CCM - PROCESSO";418555190;"DEROALDO MARINHO SOUSA";EH063;IUC8365;06/06/2023;"Check List Diário - CCM";;2024;2023;2022;"Tire uma foto com todos os membros da equipe";Não;Sim;;Sim;Sim;"iuc8365, Sim";Sim;594;458;764;1810;
418555417;4600053670-TEC_SUDOE;"OBRAS CCM - PROCESSO";418555282;"ROMARIO SANTOS OLIVEIRA";EH018;IXW6582;06/06/2023;"Check List Diário - CCM";;2031;2023;2017;"Tire uma foto com todos os membros da equipe";Não;Sim;;Sim;Sim;"ixw6582, Sim";Sim;497;;;;
418555595;4600053669-TEC_OESTE;"OBRAS CCM - PROCESSO";418555515;"PEDRO PAULO CARDOSO PEREIRA";PD001;RNU1I60;06/06/2023;"Check List Diário - CCM";;2024;2023;2023;"Tire uma foto com todos os membros da equipe";Não;Sim;;Sim;Sim;"rnu1i60, Sim";Sim;1111;;;;
418555865;4600053670-TEC_SUDOE;"OBRAS CCM - PROCESSO";418555782;"VALTEIR CORREIA SANTOS";EH016;IZX1H58;06/06/2023;"Check List Diário - CCM";;s;s;s;"Tire uma foto com todos os membros da equipe";Não;Sim;;Sim;Sim;"izx1h58, Sim";Sim;418;;;;
418556393;4600053669-TEC_OESTE;"OBRAS CCM - PROCESSO";418556177;"JAILTON BARRETO DE ARAUJO";"BAR - EM002";QUG8091;06/06/2023;"Check List Diário - CCM";;"28 2 33";2019;2019;"Tire uma foto com todos os membros da equipe";Não;Sim;ok;Sim;Sim;"Qug8091, Sim";Sim;896;;1223;;
418556393;4600053669-TEC_OESTE;"OBRAS CCM - PROCESSO";418556178;"JAILTON BARRETO DE ARAUJO";"BAR - EM002";QUG8091;06/06/2023;"Check List Diário - CCM";"ERISSON ALVES LIMA";"28 2 33";2019;2019;"Tire uma foto com todos os membros da equipe";Não;Sim;Ok;Sim;Sim;"Qug 8091, Sim";Sim;89;1223;;;
418556416;4600053670-TEC_SUDOE;"OBRAS CCM - PROCESSO";418556246;"WENDEEL DE OLIVEIRA PRADO";EH042;IZY0C59;06/06/2023;"Check List Diário - CCM";;010325;120723;030123;"Tire uma foto com todos os membros da equipe";Não;Sim;;Sim;Sim;"izy0c59, Sim";Sim;447;494;657;;
418557608;4600053669-TEC_OESTE;"OBRAS CCM - PROCESSO";418557443;"GILDEAN VIEIRA DE BRITO";EH078;IXR0116;06/06/2023;"Check List Diário - CCM";"ALEF CARNEIRO DOS SANTOS";nao;2023;2023;"Tire uma foto com todos os membros da equipe";Não;Sim;;Sim;Sim;"ixr0116, Sim";Sim;962;;;;
418557608;4600053669-TEC_OESTE;"OBRAS CCM - PROCESSO";418557444;"GILDEAN VIEIRA DE BRITO";EH078;IXR0116;06/06/2023;"Check List Diário - CCM";;nao;2023;2023;"Tire uma foto com todos os membros da equipe";Não;Sim;;Sim;Sim;"ixr0116, Sim";Sim;360;;;;
418557608;4600053669-TEC_OESTE;"OBRAS CCM - PROCESSO";418557445;"GILDEAN VIEIRA DE BRITO";EH078;IXR0116;06/06/2023;"Check List Diário - CCM";"JOAO PAULO DE SOUZA";2025;2023;2023;"Tire uma foto com todos os membros da equipe";Não;Sim;;Sim;Sim;"ixr0116, Sim";Sim;337;;;;
418558353;4600053670-TEC_SUDOE;"OBRAS CCM - PROCESSO";418558272;"FLAVIO ALVES ALMEIDA";EH092;IZX2I52;06/06/2023;"Check List Diário - CCM";;2033;2023;2023;"Tire uma foto com todos os membros da equipe";Não;Sim;;Sim;Sim;"izx2i52, Sim";Sim;1293;;;;
418558749;4600053670-TEC_SUDOE;"OBRAS CCM - PROCESSO";418558620;"JOSE MAURICIO LIMA SANTOS";EH015;ITR5316;06/06/2023;"Check List Diário - CCM";;2023;2023;2023;"Tire uma foto com todos os membros da equipe";Não;Não;perneira;Sim;Sim;"itr5316, Sim";Sim;496;;;;
418558930;4600053670-TEC_SUDOE;"OBRAS CCM - PROCESSO";418558841;"JONATHAN DE JESUS SANTOS";EH034;IUQ9132;06/06/2023;"Check List Diário - CCM";;2023;2023;2022;"Tire uma foto com todos os membros da equipe";Não;Sim;;Sim;Sim;"iuq9132, Sim";Sim;269;;;;
418559115;4600053669-TEC_OESTE;"OBRAS CCM - PROCESSO";418559031;"ALTAMIRO SOARES DE JESUS";EH165;IZY0C89;06/06/2023;"Check List Diário - CCM";;2010;09/08/2023;2019/2020;"Tire uma foto com todos os membros da equipe";Não;Sim;;Sim;Sim;"IZY0C89, Sim";Sim;737;78;1213;1284;1302
418559713;4600053669-TEC_OESTE;"OBRAS CCM - PROCESSO";418559547;"RENE DE SOUZA SILVA";EH120;IZY0C79;06/06/2023;"Check List Diário - CCM";"EDINAN DE JESUS PORTO";09/06/2032;08/08/2023;2023;"Tire uma foto com todos os membros da equipe";Não;Sim;"aterramento temporario";Sim;Sim;"izy0c79, Sim";Sim;1133;;;;
418559713;4600053669-TEC_OESTE;"OBRAS CCM - PROCESSO";418559548;"RENE DE SOUZA SILVA";EH120;IZY0C79;06/06/2023;"Check List Diário - CCM";"JOAO WILKER COTRIM PAES";09/06/2032;08/08/2023;2023;"Tire uma foto com todos os membros da equipe";Não;Sim;"aterramento temporario";Sim;Sim;"izy0c79, Sim";Sim;1133;;;;
418559713;4600053669-TEC_OESTE;"OBRAS CCM - PROCESSO";418559549;"RENE DE SOUZA SILVA";EH120;IZY0C79;06/06/2023;"Check List Diário - CCM";;09/06/2033;08/08/2023;2023;"Tire uma foto com todos os membros da equipe";Não;Sim;"aterramento temporario";Sim;Sim;"izy0c79, Sim";Sim;1133;;;;
418559713;4600053669-TEC_OESTE;"OBRAS CCM - PROCESSO";418559550;"RENE DE SOUZA SILVA";EH120;IZY0C79;06/06/2023;"Check List Diário - CCM";"ROBERT OLIVEIRA DA SILVA";09/06/2032;08/08/2023;2023;"Tire uma foto com todos os membros da equipe";Não;Sim;"aterramento temporario";Sim;Sim;"izy0c79, Sim";Sim;1133;;;;
418560184;4600053670-TEC_SUDOE;"OBRAS CCM - PROCESSO";418560095;"FABRICIO LIMA SANTOS";EH060;IUF4739;06/06/2023;"Check List Diário - CCM";;2025;2022;2022;"Tire uma foto com todos os membros da equipe";Sim**;Sim;;Sim;Sim;"IUF4739, Sim";Sim;0749;0879;0460;;
418560713;4600053669-TEC_OESTE;"OCORRÊNCIA / MANUTENÇÃO - P";418560367;"DAVI ALVES DA SILVA";EL101;RNQ2G76;06/06/2023;"Check List Diário - CCM";;01;01;01;"Tire uma foto com todos os membros da equipe";Não;Sim;;Sim;Sim;"RNQ2G76, Sim";Sim;1231;;;;
418561030;4600053669-TEC_OESTE;"OCORRÊNCIA / MANUTENÇÃO - P";418560807;"GILBERTO DOURADO SILVA JUNIOR";EH077;IUT6498;06/06/2023;"Check List Diário - CCM";;". ";.;.;"Tire uma foto com todos os membros da equipe";Não;Não;;Sim;Sim;"iut6498, Sim";Sim;248;;;;
418561030;4600053669-TEC_OESTE;"OCORRÊNCIA / MANUTENÇÃO - P";418560808;"GILBERTO DOURADO SILVA JUNIOR";EH077;IUT6498;06/06/2023;"Check List Diário - CCM";"RANNIERI MATOS DE SOUZA";.;.;.;"Tire uma foto com todos os membros da equipe";Não;Não;;Sim;Sim;"iur6498, Sim";Sim;328;;;;
418561030;4600053669-TEC_OESTE;"OCORRÊNCIA / MANUTENÇÃO - P";418560809;"GILBERTO DOURADO SILVA JUNIOR";EH077;IUT6498;06/06/2023;"Check List Diário - CCM";"EMERSON CASTRO DOURADO MIRANDA";.;.;.;"Tire uma foto com todos os membros da equipe";Não;Não;;Sim;Sim;"iut6498, Sim";Sim;1025;;;;
418561030;4600053669-TEC_OESTE;"OCORRÊNCIA / MANUTENÇÃO - P";418560810;"GILBERTO DOURADO SILVA JUNIOR";EH077;IUT6498;06/06/2023;"Check List Diário - CCM";"GILDEVAN DA SILVA DIAS";.;.;.;"Tire uma foto com todos os membros da equipe";Não;Não;;Sim;Sim;"iut6498, Sim";Sim;236;;;;
418561030;4600053669-TEC_OESTE;"OCORRÊNCIA / MANUTENÇÃO - P";418560811;"GILBERTO DOURADO SILVA JUNIOR";EH077;IUT6498;06/06/2023;"Check List Diário - CCM";"JERONIMO BEZERRA MARQUES";.;.;.;"Tire uma foto com todos os membros da equipe";Não;Não;;Sim;Sim;"iut6498, Sim";Sim;349;;;;
418561030;4600053669-TEC_OESTE;"OCORRÊNCIA / MANUTENÇÃO - P";418560812;"GILBERTO DOURADO SILVA JUNIOR";EH077;IUT6498;06/06/2023;"Check List Diário - CCM";"JOSE ERIVELTON SOUZA ROCHA";.;.;.;"Tire uma foto com todos os membros da equipe";Não;Não;;Sim;Sim;"iut6498, Sim";Sim;1014;;;;
418562403;4600053688-C.OESTE;"OBRAS CCM - PROCESSO";418562206;"TIELO AMARO DA SILVA";EH154;IYY4711;06/06/2023;"Check List Diário - CCM";"EMERSON GOMES DE SOUZA";2018;2023;2023;"Tire uma foto com todos os membros da equipe";Não;Sim;"trava quedas";Sim;Sim;"IYY4711, Sim";Sim;391;;102;;
418562403;4600053688-C.OESTE;"OBRAS CCM - PROCESSO";418562207;"TIELO AMARO DA SILVA";EH154;IYY4711;06/06/2023;"Check List Diário - CCM";"EULER VIDAL SANTOS DOS ANJOS";2023;2023;2023;"Tire uma foto com todos os membros da equipe";Não;Sim;"trava quedas";Sim;Sim;"IYY4711, Sim";Sim;297;;;;
418562403;4600053688-C.OESTE;"OBRAS CCM - PROCESSO";418562208;"TIELO AMARO DA SILVA";EH154;IYY4711;06/06/2023;"Check List Diário - CCM";"JOSELINO SOARES DE SOUZA";2023;2023;2023;"Tire uma foto com todos os membros da equipe";Não;Sim;"trava quedas";Sim;Sim;"IYY4711, Sim";Sim;391;;;;
418562403;4600053688-C.OESTE;"OBRAS CCM - PROCESSO";418562209;"TIELO AMARO DA SILVA";EH154;IYY4711;06/06/2023;"Check List Diário - CCM";;2023;2023;2023;"Tire uma foto com todos os membros da equipe";Não;Sim;"trava quedas";Sim;Sim;"IYY4711, Sim";Sim;391;;;;
418562403;4600053688-C.OESTE;"OBRAS CCM - PROCESSO";418562210;"TIELO AMARO DA SILVA";EH154;IYY4711;06/06/2023;"Check List Diário - CCM";"HUDSON DA COSTA FERREIRA";2023;2023;2023;"Tire uma foto com todos os membros da equipe";Não;Sim;"trava quedas";Sim;Sim;"IYY4711, Não**";Sim;391;;;;
418562636;4600053670-TEC_SUDOE;"OCORRÊNCIA / MANUTENÇÃO - P";418562541;"MIGUEL ARAUJO DA SILVA FILHO";EH046;IYX6246;06/06/2023;"Check List Diário - CCM";;2023;2023;2023;"Tire uma foto com todos os membros da equipe";Não;Sim;"escalada segura";Sim;Sim;"iyx6246, Sim";Sim;650;;;;
418562907;4600053670-TEC_SUDOE;"OBRAS CCM - PROCESSO";418562809;"MAICON DA SILVA SANTOS";EH036;IUO7250;06/06/2023;"Check List Diário - CCM";;13.09.2025;"12.04.2023 a 11.07.2023";03.01.2023;"Tire uma foto com todos os membros da equipe";Sim**;Sim;;Sim;Sim;"iuo 7250, Sim";Sim;679;663;713;730;
418563485;4600053670-TEC_SUDOE;"OBRAS CCM - PROCESSO";418563402;"EDER ABREU TEIXEIRA";EH038;IXW8618;06/06/2023;"Check List Diário - CCM";;2023;2023;2023;"Tire uma foto com todos os membros da equipe";Não;Sim;;Sim;Sim;"i, Sim";Sim;718;;;;
418564018;4600053669-TEC_OESTE;"OCORRÊNCIA / MANUTENÇÃO - P";418563855;"DELMIRO DE ARAUJO AMORIM";"BAR - EH008";IZW8B33;06/06/2023;"Check List Diário - CCM";;ok;ok;ok;"Tire uma foto com todos os membros da equipe";Não;Sim;;Sim;Sim;"izw8b33, Sim";Sim;601;;;;
418564197;4600053669-TEC_OESTE;"OBRAS CCM - PROCESSO";418564116;"RAFAEL GOMES DE JESUS";EH166;IZV9C77;06/06/2023;"Check List Diário - CCM";;2023;2023;2023;"Tire uma foto com todos os membros da equipe";Não;Sim;;Sim;Sim;"izv9c77, Sim";Sim;683;;;;
418565223;4600053670-TEC_SUDOE;"OBRAS CCM - PROCESSO";418565138;"DIEMERSON PESSOA DA SILVA";EH040;IYY4693;06/06/2023;"Check List Diário - CCM";;23;"n a";22;"Tire uma foto com todos os membros da equipe";Não;Sim;;Sim;Sim;"iyy4693, Sim";Sim;323;;;;
418566042;4600053669-TEC_OESTE;"OBRAS CCM - PROCESSO";418565866;"CARLOS HENRIQUE BOTELHO DA CRUZ";"BAR - EH007";IZW7I90;06/06/2023;"Check List Diário - CCM";;2023;2023;2023;"Tire uma foto com todos os membros da equipe";Não;Sim;;Sim;Sim;"izw7i90, Sim";Sim;624;;;;
418566042;4600053669-TEC_OESTE;"OBRAS CCM - PROCESSO";418565867;"CARLOS HENRIQUE BOTELHO DA CRUZ";"BAR - EH007";IZW7I90;06/06/2023;"Check List Diário - CCM";"JACKSON FABIO BARBOSA DE OLIVEIRA";2023;2023;2023;"Tire uma foto com todos os membros da equipe";Não;Sim;;Sim;Sim;"izw7i90, Sim";Sim;624;;;;
418566042;4600053669-TEC_OESTE;"OBRAS CCM - PROCESSO";418565868;"CARLOS HENRIQUE BOTELHO DA CRUZ";"BAR - EH007";IZW7I90;06/06/2023;"Check List Diário - CCM";"UELITON SANTOS DA SILVA";2023;2023;2023;"Tire uma foto com todos os membros da equipe";Não;Sim;;Não**;Sim;"izw7i90, Sim";Sim;624;;;;
418566220;4600053670-TEC_SUDOE;"OBRAS CCM - PROCESSO";418566055;"VALDIR RIBEIRO DOS SANTOS";EH012;IUO9230;06/06/2023;"Check List Diário - CCM";"DANIEL SOUZA SANTOS";20222;2023;2022;"Tire uma foto com todos os membros da equipe";Não;Sim;;Sim;Sim;"iuo9230, Sim";Sim;924;;;;
418566220;4600053670-TEC_SUDOE;"OBRAS CCM - PROCESSO";418566056;"VALDIR RIBEIRO DOS SANTOS";EH012;IUO9230;06/06/2023;"Check List Diário - CCM";"RENATO CAMPOS MOREIRA";2022;2023;2022;"Tire uma foto com todos os membros da equipe";Não;Sim;;Sim;Sim;"iuo9230, Sim";Sim;924;;;;
418566220;4600053670-TEC_SUDOE;"OBRAS CCM - PROCESSO";418566057;"VALDIR RIBEIRO DOS SANTOS";EH012;IUO9230;06/06/2023;"Check List Diário - CCM";"VALDENI SILVA CUNHA";2022;2023;2022;"Tire uma foto com todos os membros da equipe";Não;Sim;;Sim;Sim;"iuo9230, Sim";Sim;924;;;;
418566220;4600053670-TEC_SUDOE;"OBRAS CCM - PROCESSO";418566058;"VALDIR RIBEIRO DOS SANTOS";EH012;IUO9230;06/06/2023;"Check List Diário - CCM";;2022;2023;2022;"Tire uma foto com todos os membros da equipe";Não;Sim;;Sim;Sim;"iuo9230, Sim";Sim;924;;;;
418568045;4600053670-TEC_SUDOE;"OBRAS CCM - PROCESSO";418567814;"LUCAS NEVES SANTOS";EH008;IXU1866;06/06/2023;"Check List Diário - CCM";"MARCOS DE JESUS SANTOS";2022;2017;01114734010;"Tire uma foto com todos os membros da equipe";Não;Sim;;Sim;Sim;"ixu1866, Sim";Sim;499;;;;
418568045;4600053670-TEC_SUDOE;"OBRAS CCM - PROCESSO";418567815;"LUCAS NEVES SANTOS";EH008;IXU1866;06/06/2023;"Check List Diário - CCM";;2022;2017;011104734010;"Tire uma foto com todos os membros da equipe";Não;Sim;;Sim;Sim;"ixu1866, Sim";Sim;499;;;;
418568045;4600053670-TEC_SUDOE;"OBRAS CCM - PROCESSO";418567816;"LUCAS NEVES SANTOS";EH008;IXU1866;06/06/2023;"Check List Diário - CCM";"WALLACE LIMA AMARAL";2022;2017;01114734010;"Tire uma foto com todos os membros da equipe";Não;Sim;;Sim;Sim;"ixu1866, Sim";Sim;499;;;;
418568045;4600053670-TEC_SUDOE;"OBRAS CCM - PROCESSO";418567817;"LUCAS NEVES SANTOS";EH008;IXU1866;06/06/2023;"Check List Diário - CCM";"JOAO PAULO DE OLIVEIRA SANTANA";2022;2017;01114734010;"Tire uma foto com todos os membros da equipe";Não;Sim;;Sim;Sim;"ixu1866, Sim";Sim;499;;;;
418568045;4600053670-TEC_SUDOE;"OBRAS CCM - PROCESSO";418567818;"LUCAS NEVES SANTOS";EH008;IXU1866;06/06/2023;"Check List Diário - CCM";"AFONSO DOS SANTOS XAVIER";2022;2017;01114734010;"Tire uma foto com todos os membros da equipe";Não;Sim;;Sim;Sim;"ixu1866, Sim";Sim;499;;;;
418568157;4600053669-TEC_OESTE;"OCORRÊNCIA / MANUTENÇÃO - P";418568074;"JOSE RODRIGUES WILSON";"BAR - EH011";IZW8D22;06/06/2023;"Check List Diário - CCM";;2003;"autorizacao especial de transito";2019;"Tire uma foto com todos os membros da equipe";Não;Sim;;Sim;Sim;"izw8D22, Sim";Sim;232;;;;
418569872;4600053669-TEC_OESTE;"OBRAS CCM - PROCESSO";418569692;"GILBERTO DOURADO SILVA JUNIOR";EH077;IUT6498;06/06/2023;"Check List Diário - CCM";;.;.;.;"Tire uma foto com todos os membros da equipe";Não;Não;;Sim;Sim;"iut6498, Sim";Sim;248;;;;
418569872;4600053669-TEC_OESTE;"OBRAS CCM - PROCESSO";418569693;"GILBERTO DOURADO SILVA JUNIOR";EH077;IUT6498;06/06/2023;"Check List Diário - CCM";"RANNIERI MATOS DE SOUZA";.;.;.;"Tire uma foto com todos os membros da equipe";Não;Não;;Sim;Sim;"iut6498, Sim";Sim;328;;;;
418569872;4600053669-TEC_OESTE;"OBRAS CCM - PROCESSO";418569694;"GILBERTO DOURADO SILVA JUNIOR";EH077;IUT6498;06/06/2023;"Check List Diário - CCM";"GILDEVAN DA SILVA DIAS";.;.;.;"Tire uma foto com todos os membros da equipe";Não;Não;;Sim;Sim;"iut6498, Sim";Sim;236;;;;
418569872;4600053669-TEC_OESTE;"OBRAS CCM - PROCESSO";418569695;"GILBERTO DOURADO SILVA JUNIOR";EH077;IUT6498;06/06/2023;"Check List Diário - CCM";"EMERSON CASTRO DOURADO MIRANDA";.;.;.;"Tire uma foto com todos os membros da equipe";Não;Não;;Sim;Sim;"iut6498, Sim";Sim;1025;;;;
418569872;4600053669-TEC_OESTE;"OBRAS CCM - PROCESSO";418569696;"GILBERTO DOURADO SILVA JUNIOR";EH077;IUT6498;06/06/2023;"Check List Diário - CCM";"JERONIMO BEZERRA MARQUES";.;.;.;"Tire uma foto com todos os membros da equipe";Não;Não;;Sim;Sim;"iut6498, Sim";Sim;349;;;;
418569961;4600053670-TEC_SUDOE;"OBRAS CCM - PROCESSO";418569880;"JOELSON TRINDADE SANTOS";EH089;ITH1605;06/06/2023;"Check List Diário - CCM";;2010;2011;2011;"Tire uma foto com todos os membros da equipe";Não;Sim;"direcao defensiva";Sim;Sim;"ith0516, Sim";Sim;245;647;;;
418573610;4600053670-TEC_SUDOE;"OBRAS CCM - PROCESSO";418573311;"HENRIQUE PASSOS SOUZA";EH021;IXW6584;06/06/2023;"Check List Diário - CCM";;2011;2023;2023;"Tire uma foto com todos os membros da equipe";Não;Sim;;Sim;Sim;"izv9d15, Sim";Sim;2074;;;;
