﻿Turno;Contrato;"Tipo Serviço";Checklist;Lideres;Equipe;Equipe;"Data Execução";formulario;Colaborador;CNH;"DNIT/DERBA (AUTORIZACAO DE TRANSPORTE DO VEICULO)";"CRLV (DOCUMENTO DO VEICULO)";"FOTO DA EQUIPE";"COVID - Possui algum colaborador da equipe com sintomas?";"Equipe possui câmera funcional?";"Qual foi o tema do DDS de hoje?";"Todos os EPI´s estão em condições de uso (uniformes / isolantes / equipamentos para escalada segura, etc)?";"Todos os EPC´s e ferramentas estão em condições de uso (aterramentos temporários, coberturas isolantes, escadas, detector de tensão, etc)?";"O veículo está em condições de uso (documentação do veículo  / equipamentos obrigatórios  / sem vazamentos /  sinalização elétrica)?";"O(s) colaborador(es) se encontra(m) em condições física, mental e emocional para realizar suas atividades diárias?";"Matrícula/Assinatura Resp. Equipe";"Matrícula/Assinatura Integrante (1)";"Matrícula/Assinatura Integrante (2)";"Matrícula/Assinatura Integrante (3)";"Matrícula/Assinatura Integrante (4)"
416577871;4600053669-TEC_OESTE;"OCORRÊNCIA / MANUTENÇÃO - P";416577787;"EDSON FIRMINO PEREIRA";EH161;IZY0C88;30/05/2023;"Check List Diário - CCM";;.;.;.;"Tire uma foto com todos os membros da equipe";Não;Sim;;Sim;Sim;"izy0c88, Sim";Sim;310;;;;
416578548;4600053670-TEC_SUDOE;"OBRAS CCM - PROCESSO";416578396;"SEBASTIAO SILVA";EH010;IXW8614;30/05/2023;"Check List Diário - CCM";;2023;2023;2023;"Tire uma foto com todos os membros da equipe";Não;Sim;;Sim;Sim;"ixw8614, Sim";Sim;288;;;;
416579085;4600053669-TEC_OESTE;"OBRAS CCM - PROCESSO";416578920;"KARLLUS HENRIQUE NASCIMENTO ARAUJO";EH145;IZX2I44;30/05/2023;"Check List Diário - CCM";;2024;2023;2023;"Tire uma foto com todos os membros da equipe";Não;Sim;;Sim;Sim;"izx2i44, Sim";Sim;1307;;;;
416579085;4600053669-TEC_OESTE;"OBRAS CCM - PROCESSO";416578921;"KARLLUS HENRIQUE NASCIMENTO ARAUJO";EH145;IZX2I44;30/05/2023;"Check List Diário - CCM";"MARCOS RIBEIRO NOGUEIRA";2024;2023;2023;"Tire uma foto com todos os membros da equipe";Não;Sim;;Sim;Sim;"izx2i44, Sim";Sim;1307;;;;
416579085;4600053669-TEC_OESTE;"OBRAS CCM - PROCESSO";416578922;"KARLLUS HENRIQUE NASCIMENTO ARAUJO";EH145;IZX2I44;30/05/2023;"Check List Diário - CCM";"COSME MARIO DOS SANTOS OLIVEIRA";2024;2023;2023;"Tire uma foto com todos os membros da equipe";Não;Sim;;Sim;Sim;"izx2i44, Sim";Sim;1307;;;;
416579085;4600053669-TEC_OESTE;"OBRAS CCM - PROCESSO";416578923;"KARLLUS HENRIQUE NASCIMENTO ARAUJO";EH145;IZX2I44;30/05/2023;"Check List Diário - CCM";"TARCISIO RIBEIRO DE LIMA";2024;2023;2023;"Tire uma foto com todos os membros da equipe";Não;Sim;;Sim;Sim;"izx2i44, Sim";Sim;1307;;;;
416584031;4600053669-TEC_OESTE;"OBRAS CCM - PROCESSO";416583866;"LUIZ HENRIQUE SANTOS DE SOUZA";EH101;IZY0C24;30/05/2023;"Check List Diário - CCM";;2022;2023;2022;"Tire uma foto com todos os membros da equipe";Não;Sim;;Sim;Sim;"izy0c24, Sim";Sim;1238;;;;
416584031;4600053669-TEC_OESTE;"OBRAS CCM - PROCESSO";416583867;"LUIZ HENRIQUE SANTOS DE SOUZA";EH101;IZY0C24;30/05/2023;"Check List Diário - CCM";"ODAIR LOPES CALDAS ";2022;2023;2022;"Tire uma foto com todos os membros da equipe";Não;Sim;;Sim;Sim;"izy0c24, Sim";Sim;1238;;;;
416584031;4600053669-TEC_OESTE;"OBRAS CCM - PROCESSO";416583868;"LUIZ HENRIQUE SANTOS DE SOUZA";EH101;IZY0C24;30/05/2023;"Check List Diário - CCM";"VILTON FERREIRA DE BRITO";2022;2023;2022;"Tire uma foto com todos os membros da equipe";Não;Sim;;Sim;Sim;"izy0c24, Sim";Sim;1238;;;;
416584031;4600053669-TEC_OESTE;"OBRAS CCM - PROCESSO";416583869;"LUIZ HENRIQUE SANTOS DE SOUZA";EH101;IZY0C24;30/05/2023;"Check List Diário - CCM";"JOSE ISAC SOUZA DE ALMEIDA";2022;2023;2022;"Tire uma foto com todos os membros da equipe";Não;Sim;;Sim;Sim;"izy0c24, Sim";Sim;1238;;;;
416584031;4600053669-TEC_OESTE;"OBRAS CCM - PROCESSO";416583870;"LUIZ HENRIQUE SANTOS DE SOUZA";EH101;IZY0C24;30/05/2023;"Check List Diário - CCM";"WELTON FERNANDES COSTA";2022;2023;2022;"Tire uma foto com todos os membros da equipe";Não;Sim;;Sim;Sim;"izy0c24, Sim";Sim;1238;;;;
416584213;4600053669-TEC_OESTE;"OBRAS CCM - PROCESSO";416584132;"JOSE LUIZ CAMARGO SANTANA";EH109;JAE2C86;30/05/2023;"Check List Diário - CCM";;2023;2023;2023;"Tire uma foto com todos os membros da equipe";Não;Sim;;Sim;Sim;"jae2c86, Sim";Sim;1052;;;;
416584386;4600053669-TEC_OESTE;"OBRAS CCM - PROCESSO";416584221;"MARCOS PAULO CARDOSO";"BAR - EH002";IZV9C94;30/05/2023;"Check List Diário - CCM";;22/07/2023;11/07/2023;2019;"Tire uma foto com todos os membros da equipe";Não;Sim;;Sim;Sim;"izv9c94, Sim";Sim;1224;;;;
416584386;4600053669-TEC_OESTE;"OBRAS CCM - PROCESSO";416584222;"MARCOS PAULO CARDOSO";"BAR - EH002";IZV9C94;30/05/2023;"Check List Diário - CCM";"ALISSON CASTRO DA INVENCAO";22/07/2023;11/07/2023;2019;"Tire uma foto com todos os membros da equipe";Não;Sim;;Sim;Sim;"izv9c94, Sim";Sim;1224;;;;
416584386;4600053669-TEC_OESTE;"OBRAS CCM - PROCESSO";416584223;"MARCOS PAULO CARDOSO";"BAR - EH002";IZV9C94;30/05/2023;"Check List Diário - CCM";"DARLAN OLIVEIRA DANTAS";22/07/2023;11/07/2023;2019;"Tire uma foto com todos os membros da equipe";Não;Sim;;Sim;Sim;"izv9c94, Sim";Sim;1224;;;;
416584386;4600053669-TEC_OESTE;"OBRAS CCM - PROCESSO";416584224;"MARCOS PAULO CARDOSO";"BAR - EH002";IZV9C94;30/05/2023;"Check List Diário - CCM";"GIVALDO BISPO DOS REIS DE JESUS";22/07/2023;11/07/2023;2019;"Tire uma foto com todos os membros da equipe";Não;Sim;;Sim;Sim;"izv9c94, Sim";Sim;1224;;;;
416584386;4600053669-TEC_OESTE;"OBRAS CCM - PROCESSO";416584225;"MARCOS PAULO CARDOSO";"BAR - EH002";IZV9C94;30/05/2023;"Check List Diário - CCM";"SILVANO LIMA SANTOS";22/07/2023;11/07/2023;2019;"Tire uma foto com todos os membros da equipe";Não;Sim;;Sim;Sim;"izv9c94, Sim";Sim;1224;;;;
416584480;4600053670-TEC_SUDOE;"OBRAS CCM - PROCESSO";416584394;"RONALDO DE JESUS ALMEIDA";EH035;IYY6784;30/05/2023;"Check List Diário - CCM";;2025;2023;2022;"Tire uma foto com todos os membros da equipe";Não;Sim;;Sim;Sim;"iyy6784, Sim";Sim;472;;;;
416584751;4600053669-TEC_OESTE;"OBRAS CCM - PROCESSO";416584669;"TIELO AMARO DA SILVA";EH154;IYY4711;30/05/2023;"Check List Diário - CCM";;na;na;na;"Tire uma foto com todos os membros da equipe";Não;Sim;;Sim;Sim;"IYY4711, Sim";Sim;360;;;;
416586604;4600053669-TEC_OESTE;"OBRAS CCM - PROCESSO";416586326;"MARCELO DE SOUZA COSTA";EH168;IZY0C19;30/05/2023;"Check List Diário - CCM";"CLERISTON PEREIRA LEITE";2024;2023;2023;"Tire uma foto com todos os membros da equipe";Não;Sim;;Sim;Sim;"izy0c19, Sim";Sim;273;347;;;
416586604;4600053669-TEC_OESTE;"OBRAS CCM - PROCESSO";416586327;"MARCELO DE SOUZA COSTA";EH168;IZY0C19;30/05/2023;"Check List Diário - CCM";;2024;2023;2023;"Tire uma foto com todos os membros da equipe";Não;Sim;;Sim;Sim;"izy0c19, Sim";Sim;273;;;;
416586604;4600053669-TEC_OESTE;"OBRAS CCM - PROCESSO";416586328;"MARCELO DE SOUZA COSTA";EH168;IZY0C19;30/05/2023;"Check List Diário - CCM";"REINALDO BARRETO ARAGAO SOBRINHO";2024;2023;2023;"Tire uma foto com todos os membros da equipe";Não;Sim;;Sim;Sim;"izy0c19, Sim";Sim;273;1060;;;
416586604;4600053669-TEC_OESTE;"OBRAS CCM - PROCESSO";416586329;"MARCELO DE SOUZA COSTA";EH168;IZY0C19;30/05/2023;"Check List Diário - CCM";"WASHINGTON CARDOSO VIEIRA";2024;2023;2023;"Tire uma foto com todos os membros da equipe";Não;Sim;;Sim;Sim;"izy0c19, Sim";Sim;273;1342;;;
416586604;4600053669-TEC_OESTE;"OBRAS CCM - PROCESSO";416586330;"MARCELO DE SOUZA COSTA";EH168;IZY0C19;30/05/2023;"Check List Diário - CCM";"JOSE RUDIVAL SANTOS";2024;2023;2023;"Tire uma foto com todos os membros da equipe";Não;Sim;;Sim;Sim;"izy0c19, Sim";Sim;273;355;;;
416587304;4600053669-TEC_OESTE;"OBRAS CCM - PROCESSO";416587139;"MARCOS VINICIUS DO ROSARIO FERNANDES";"BAR - EH022";IZY0B59;30/05/2023;"Check List Diário - CCM";"EDISONERIO TOMAZ PEREIRA";2025;2023;2023;"Tire uma foto com todos os membros da equipe";Não;Sim;;Sim;Sim;"izy0b59, Sim";Sim;930;;;;
416587304;4600053669-TEC_OESTE;"OBRAS CCM - PROCESSO";416587140;"MARCOS VINICIUS DO ROSARIO FERNANDES";"BAR - EH022";IZY0B59;30/05/2023;"Check List Diário - CCM";;2025;2023;2023;"Tire uma foto com todos os membros da equipe";Não;Sim;;Sim;Sim;"izy0b59, Sim";Sim;930;;;;
416587304;4600053669-TEC_OESTE;"OBRAS CCM - PROCESSO";416587141;"MARCOS VINICIUS DO ROSARIO FERNANDES";"BAR - EH022";IZY0B59;30/05/2023;"Check List Diário - CCM";"PERIVALDO OLIVEIRA DOS SANTOS";2025;2023;2023;"Tire uma foto com todos os membros da equipe";Não;Sim;;Sim;Sim;"izy0b59, Sim";Sim;930;;;;
416587304;4600053669-TEC_OESTE;"OBRAS CCM - PROCESSO";416587142;"MARCOS VINICIUS DO ROSARIO FERNANDES";"BAR - EH022";IZY0B59;30/05/2023;"Check List Diário - CCM";"VANDO TEIXEIRA DA SILVA";2025;2023;2023;"Tire uma foto com todos os membros da equipe";Não;Sim;;Sim;Sim;"izy0b59, Sim";Sim;930;;;;
416587542;4600053669-TEC_OESTE;"OBRAS CCM - PROCESSO";416587457;"ALTAMIRO SOARES DE JESUS";EH165;IZY0C89;30/05/2023;"Check List Diário - CCM";;2010;09/08/2023;2019/2020;"Tire uma foto com todos os membros da equipe";Não;Sim;;Sim;Sim;"IZY0C89, Sim";Sim;737;78;1213;1284;1302
416587680;4600053669-TEC_OESTE;"OBRAS CCM - PROCESSO";416587592;"CARLOS HENRIQUE BOTELHO DA CRUZ";"BAR - EH007";IZW7I90;30/05/2023;"Check List Diário - CCM";;2023;2023;2023;"Tire uma foto com todos os membros da equipe";Não;Sim;;Sim;Sim;"izw7i90, Sim";Sim;624;763;1211;;
416588202;4600053670-TEC_SUDOE;"OBRAS CCM - PROCESSO";416588114;"LUCIANO DE JESUS LOPES";EH061;IZM8J30;30/05/2023;"Check List Diário - CCM";;2024;2023;2023;"Tire uma foto com todos os membros da equipe";Não;Sim;;Sim;Sim;"izm8j30, Sim";Sim;1822;;;;
416588291;4600053690-SUDOESTE;"OBRAS CCM - PROCESSO";416588210;"JECIMAR BATISTA DE OLIVEIRA";"KIT 03";IUM9972;30/05/2023;"Check List Diário - CCM";;"27 02 2033";.;2023;"Tire uma foto com todos os membros da equipe";Não;Sim;;Sim;Sim;"ium 9972, Sim";Sim;1143;;;;
416588640;4600053670-TEC_SUDOE;"OBRAS CCM - PROCESSO";416588515;"JUNIO ROCHA SERTAO";EH020;IYW1460;30/05/2023;"Check List Diário - CCM";;24;23;22;"Tire uma foto com todos os membros da equipe";Não;Sim;;Sim;Sim;"iyw1460, Sim";Sim;1778;;;;
416588939;4600053669-TEC_OESTE;"OBRAS CCM - PROCESSO";416588692;"EDIMILSON OLEGARIO DOS SANTOS";EH082;IXW6585;30/05/2023;"Check List Diário - CCM";"EDEILSON LIMA SILVA";2022;2023;2017;"Tire uma foto com todos os membros da equipe";Não;Sim;;Sim;Sim;"ixw6585, Sim";Sim;325;956;;;
416588939;4600053669-TEC_OESTE;"OBRAS CCM - PROCESSO";416588693;"EDIMILSON OLEGARIO DOS SANTOS";EH082;IXW6585;30/05/2023;"Check List Diário - CCM";;2023;2023;2017;"Tire uma foto com todos os membros da equipe";Não;Sim;;Sim;Sim;"ixw6585, Sim";Sim;325;;;;
416588939;4600053669-TEC_OESTE;"OBRAS CCM - PROCESSO";416588694;"EDIMILSON OLEGARIO DOS SANTOS";EH082;IXW6585;30/05/2023;"Check List Diário - CCM";"IVANILCON GOMES FERREIRA";2022;2023;2017;"Tire uma foto com todos os membros da equipe";Não;Sim;;Sim;Sim;"ixw6585, Sim";Sim;325;823;;;
416588939;4600053669-TEC_OESTE;"OBRAS CCM - PROCESSO";416588695;"EDIMILSON OLEGARIO DOS SANTOS";EH082;IXW6585;30/05/2023;"Check List Diário - CCM";"WELTON MIRON PEREIRA";2023;2023;2017;"Tire uma foto com todos os membros da equipe";Não;Sim;;Sim;Sim;"ixw6585, Sim";Sim;325;275;;;
416589439;4600053670-TEC_SUDOE;"OBRAS CCM - PROCESSO";416589275;"TIAGO MEIRA PRADO";EH028;IYN0438;30/05/2023;"Check List Diário - CCM";;.;.;.;"Tire uma foto com todos os membros da equipe";Não;Sim;;Sim;Sim;"iyn0438, Sim";Sim;554;;;;
416590011;4600053670-TEC_SUDOE;"OBRAS CCM - PROCESSO";416589926;"CICERO PATROCINIO DOS SANTOS";EH013;IXW8615;30/05/2023;"Check List Diário - CCM";;NA;2023;2022;"Tire uma foto com todos os membros da equipe";Não;Sim;;Sim;Sim;"ixw8616, Sim";Sim;1328;;;;
416590105;4600053669-TEC_OESTE;"OBRAS CCM - PROCESSO";416590020;"ALAN PEREIRA GOMES";EH164;IZY0C76;30/05/2023;"Check List Diário - CCM";;18/07/23;08/08/23;03/01/23;"Tire uma foto com todos os membros da equipe";Não;Não;"transito seguro";Sim;Sim;"izy0c76, Sim";Sim;344;1056;1438;;
416591188;4600053669-TEC_OESTE;"OBRAS CCM - PROCESSO";416590980;"TONY ALEXANDRINO CANDIDO DE SOUZA";EH112;IZX3D51;30/05/2023;"Check List Diário - CCM";"ANDRESON CARLOS DOS SANTOS";2023;2023;2023;"Tire uma foto com todos os membros da equipe";Não;Sim;;Sim;Sim;"izx3d51, Sim";Sim;1191;;;;
416591188;4600053669-TEC_OESTE;"OBRAS CCM - PROCESSO";416590981;"TONY ALEXANDRINO CANDIDO DE SOUZA";EH112;IZX3D51;30/05/2023;"Check List Diário - CCM";"VITOR CRUZ RODRIGUES";2023;2023;2023;"Tire uma foto com todos os membros da equipe";Não;Sim;;Sim;Sim;"izx3d51, Sim";Sim;1191;;;;
416591188;4600053669-TEC_OESTE;"OBRAS CCM - PROCESSO";416590982;"TONY ALEXANDRINO CANDIDO DE SOUZA";EH112;IZX3D51;30/05/2023;"Check List Diário - CCM";;2023;2023;2023;"Tire uma foto com todos os membros da equipe";Não;Sim;;Sim;Sim;"izx3d51, Sim";Sim;1191;;;;
416592557;4600053669-TEC_OESTE;"OBRAS CCM - PROCESSO";416592474;"FLAVIO DA SILVA AMORIM";"BAR - EH018";IZY0C81;30/05/2023;"Check List Diário - CCM";;2022;2022;2022;"Tire uma foto com todos os membros da equipe";Não;Sim;;Sim;Sim;"izy0c81, Sim";Sim;652;;;;
416595537;4600053670-TEC_SUDOE;"OBRAS CCM - PROCESSO";416595373;"VALTEIR CORREIA SANTOS";EH016;IZX1H58;30/05/2023;"Check List Diário - CCM";;s;s;s;"Tire uma foto com todos os membros da equipe";Não;Sim;;Sim;Sim;"izx1h58, Sim";Sim;418;;;;
416595938;4600053669-TEC_OESTE;"OBRAS CCM - PROCESSO";416595773;"EDSON REIS MENDES SENA";"BAR - EH012";IZY0C31;30/05/2023;"Check List Diário - CCM";;2032;2023;2023;"Tire uma foto com todos os membros da equipe";Não;Não;;Sim;Sim;"izy0c31, Sim";Sim;1153;1199;1202;1362;
416595938;4600053669-TEC_OESTE;"OBRAS CCM - PROCESSO";416595774;"EDSON REIS MENDES SENA";"BAR - EH012";IZY0C31;30/05/2023;"Check List Diário - CCM";"MARCIEL ROSA SANTANA";2032;2023;2023;"Tire uma foto com todos os membros da equipe";Não;Não;;Sim;Sim;"izy0c31, Sim";Sim;1153;1199;1202;1362;
416595938;4600053669-TEC_OESTE;"OBRAS CCM - PROCESSO";416595775;"EDSON REIS MENDES SENA";"BAR - EH012";IZY0C31;30/05/2023;"Check List Diário - CCM";"SAMUEL NASCIMENTO QUADROS";2032;2023;2023;"Tire uma foto com todos os membros da equipe";Não;Não;;Sim;Sim;"izy0c31, Sim";Sim;1153;1202;1199;1362;
416595938;4600053669-TEC_OESTE;"OBRAS CCM - PROCESSO";416595776;"EDSON REIS MENDES SENA";"BAR - EH012";IZY0C31;30/05/2023;"Check List Diário - CCM";"ITAMAR DE CARVALHO REIS";203w;2023;2023;"Tire uma foto com todos os membros da equipe";Não;Não;;Sim;Sim;"izy0c31, Sim";Sim;1153;1202;1199;1362;
416596035;4600053670-TEC_SUDOE;"OBRAS CCM - PROCESSO";416595948;"DEROALDO MARINHO SOUSA";EH063;IUC8365;30/05/2023;"Check List Diário - CCM";;2024;2023;2022;"Tire uma foto com todos os membros da equipe";Não;Sim;;Sim;Sim;"iuc8365, Sim";Sim;594;458;764;1810;1093
416596618;4600053669-TEC_OESTE;"OBRAS CCM - PROCESSO";416596340;"GILDEAN VIEIRA DE BRITO";EH078;IXR0116;30/05/2023;"Check List Diário - CCM";"ALEF CARNEIRO DOS SANTOS";nao;2023;2023;"Tire uma foto com todos os membros da equipe";Não;Sim;;Sim;Sim;"ixr0116, Sim";Sim;962;;;;
416596618;4600053669-TEC_OESTE;"OBRAS CCM - PROCESSO";416596341;"GILDEAN VIEIRA DE BRITO";EH078;IXR0116;30/05/2023;"Check List Diário - CCM";;nao;2023;2023;"Tire uma foto com todos os membros da equipe";Não;Sim;;Sim;Sim;"ixr0116, Sim";Sim;360;;;;
416596618;4600053669-TEC_OESTE;"OBRAS CCM - PROCESSO";416596342;"GILDEAN VIEIRA DE BRITO";EH078;IXR0116;30/05/2023;"Check List Diário - CCM";"JOAO PAULO DE SOUZA";2025;2023;2023;"Tire uma foto com todos os membros da equipe";Não;Sim;;Sim;Sim;"ixr0116, Sim";Sim;337;;;;
416596618;4600053669-TEC_OESTE;"OBRAS CCM - PROCESSO";416596343;"GILDEAN VIEIRA DE BRITO";EH078;IXR0116;30/05/2023;"Check List Diário - CCM";"WELTON PEREIRA DA SILVA";nao;2023;2023;"Tire uma foto com todos os membros da equipe";Não;Sim;;Sim;Sim;"ixr0116, Sim";Sim;327;;;;
416596618;4600053669-TEC_OESTE;"OBRAS CCM - PROCESSO";416596344;"GILDEAN VIEIRA DE BRITO";EH078;IXR0116;30/05/2023;"Check List Diário - CCM";"RAVAN DE LIMA MATOS";nao;2023;2023;"Tire uma foto com todos os membros da equipe";Não;Sim;;Sim;Sim;"ixr0116, Sim";Sim;1027;;;;
416596618;4600053669-TEC_OESTE;"OBRAS CCM - PROCESSO";416596345;"GILDEAN VIEIRA DE BRITO";EH078;IXR0116;30/05/2023;"Check List Diário - CCM";"THIAGO MATIAS DANTAS";nao;2023;2023;"Tire uma foto com todos os membros da equipe";Não;Sim;;Sim;Sim;"ixr0116, Sim";Sim;355;;;;
416597672;4600053670-TEC_SUDOE;"OBRAS CCM - PROCESSO";416597588;"LUCAS NEVES SANTOS";EH008;IXU1866;30/05/2023;"Check List Diário - CCM";;2022;2016;01114734010;"Tire uma foto com todos os membros da equipe";Não;Sim;;Sim;Sim;"ixu1866, Sim";Sim;499;;;;
416598645;4600053670-TEC_SUDOE;"OCORRÊNCIA / MANUTENÇÃO - P";416598564;"MIGUEL ARAUJO DA SILVA FILHO";EH046;IYX6246;30/05/2023;"Check List Diário - CCM";;2025;2023;2024;"Tire uma foto com todos os membros da equipe";Não;Sim;"consevacao do veiculo";Sim;Sim;"iyx6246, Sim";Sim;847;;;;
416598751;4600053669-TEC_OESTE;"OBRAS CCM - PROCESSO";416598653;"CLERISTON MARCOS ALVES DE BRITO";EL005;RNU1I50;30/05/2023;"Check List Diário - CCM";;14/08/2024;01/04/2023;25/03/2023;"Tire uma foto com todos os membros da equipe";Não;Sim;"usar epis epcs isolantes corretamente ";Sim;Sim;"rnu1i50, Sim";Sim;1187;1240;1173;1378;1391
416599007;4600053669-TEC_OESTE;"OCORRÊNCIA / MANUTENÇÃO - P";416598767;"DAVI ALVES DA SILVA";EL101;RNQ2G76;30/05/2023;"Check List Diário - CCM";;01;01;01;"Tire uma foto com todos os membros da equipe";Não;Sim;;Sim;Sim;"RNQ2G76, Sim";Sim;1231;;;;
416599217;4600053670-TEC_SUDOE;"OBRAS CCM - PROCESSO";416599018;"EDIMAR JESUS SANTOS";EH097;IZX2B26;30/05/2023;"Check List Diário - CCM";;2021;2023;2022;"Tire uma foto com todos os membros da equipe";Não;Sim;;Sim;Sim;"izx2b26, Sim";Sim;1125;897;615;;
416599217;4600053670-TEC_SUDOE;"OBRAS CCM - PROCESSO";416599019;"EDIMAR JESUS SANTOS";EH097;IZX2B26;30/05/2023;"Check List Diário - CCM";"IURI ALVES SOUZA BOMFIM";2021;2023;2022;"Tire uma foto com todos os membros da equipe";Não;Sim;;Sim;Sim;"izx2b26, Sim";Sim;1125;897;615;;
416599217;4600053670-TEC_SUDOE;"OBRAS CCM - PROCESSO";416599020;"EDIMAR JESUS SANTOS";EH097;IZX2B26;30/05/2023;"Check List Diário - CCM";"CESAR RODRIGUES DE OLIVEIRA";2021;2023;2022;"Tire uma foto com todos os membros da equipe";Não;Sim;;Sim;Sim;"izx2b26, Sim";Sim;1125;897;615;;
416599502;4600053669-TEC_OESTE;"OBRAS CCM - PROCESSO";416599421;"RODRIGO BANDEIRA DE SOUZA";EH099;IZM2G18;30/05/2023;"Check List Diário - CCM";;2024;12/07/2023;08/2024;"Tire uma foto com todos os membros da equipe";Não;Não;;Sim;Sim;"izm2g18, Sim";Sim;1022;;;;
416599727;4600053669-TEC_OESTE;"OBRAS CCM - PROCESSO";416599559;"EDVANE RAMOS PEREIRA";"BAR - EH003";IZN1I79;30/05/2023;"Check List Diário - CCM";"CARLOS LEMOS DE ALMEIDA";11072023;21012023;11012023;"Tire uma foto com todos os membros da equipe";Não;Sim;;Sim;Sim;"izn1i79, Sim";Sim;621;;;;
416599727;4600053669-TEC_OESTE;"OBRAS CCM - PROCESSO";416599560;"EDVANE RAMOS PEREIRA";"BAR - EH003";IZN1I79;30/05/2023;"Check List Diário - CCM";;20062032;21012023;11012023;"Tire uma foto com todos os membros da equipe";Não;Sim;;Sim;Sim;"izn1i79, Sim";Sim;621;;;;
416599727;4600053669-TEC_OESTE;"OBRAS CCM - PROCESSO";416599561;"EDVANE RAMOS PEREIRA";"BAR - EH003";IZN1I79;30/05/2023;"Check List Diário - CCM";"MARCOS QUEIROZ LIMA";01122024;21012023;11012023;"Tire uma foto com todos os membros da equipe";Sim**;Sim;;Sim;Sim;"izn1i79, Sim";Sim;621;;;;
416599727;4600053669-TEC_OESTE;"OBRAS CCM - PROCESSO";416599562;"EDVANE RAMOS PEREIRA";"BAR - EH003";IZN1I79;30/05/2023;"Check List Diário - CCM";"RAMON DE OLIVEIRA SANTOS";18082025;21012023;11012023;"Tire uma foto com todos os membros da equipe";Não;Sim;;Sim;Sim;"izn1i79, Sim";Sim;621;;;;
416599727;4600053669-TEC_OESTE;"OBRAS CCM - PROCESSO";416599563;"EDVANE RAMOS PEREIRA";"BAR - EH003";IZN1I79;30/05/2023;"Check List Diário - CCM";"RONALDO SANTANA DE SENA";610599;21012023;11012023;"Tire uma foto com todos os membros da equipe";Não;Sim;;Sim;Sim;"izn1i79, Sim";Sim;621;;;;
416600079;4600053670-TEC_SUDOE;"OBRAS CCM - PROCESSO";416599975;"EDVALDO COELHO PEREIRA";EH037;IUC6885;30/05/2023;"Check List Diário - CCM";;01/10/2004;"12/04/2023 11/07/2023";13/01/2022;"Tire uma foto com todos os membros da equipe";Não;Sim;;Sim;Sim;"iuc6885, Sim";Sim;838;;;;
416600328;4600053670-TEC_SUDOE;"OBRAS CCM - PROCESSO";416600194;"WENDEEL DE OLIVEIRA PRADO";EH042;IZY0C59;30/05/2023;"Check List Diário - CCM";;010325;120723;030123;"Tire uma foto com todos os membros da equipe";Não;Sim;;Sim;Sim;"izy0c59, Sim";Sim;447;494;657;;
416601281;4600053669-TEC_OESTE;"OBRAS CCM - PROCESSO";416601118;"JAILTON BARRETO DE ARAUJO";"BAR - EM002";QUG8091;30/05/2023;"Check List Diário - CCM";;2019;1;2019;"Tire uma foto com todos os membros da equipe";Não;Sim;ok;Sim;Sim;"Qug9081, Sim";Sim;896;1223;;;
416601598;4600053670-TEC_SUDOE;"OBRAS CCM - PROCESSO";416601518;"NEILTON SANTOS SOUZA";EH090;ITR5320;30/05/2023;"Check List Diário - CCM";;290823;080823;030123;"Tire uma foto com todos os membros da equipe";Sim**;Sim;deslocamento;Sim;Sim;"itr 5320, Sim";Sim;367;;;;
416602705;4600053670-TEC_SUDOE;"OBRAS CCM - PROCESSO";416602624;"LEONARDO DE OLIVEIRA SILVA";EH029;IUB8894;30/05/2023;"Check List Diário - CCM";;2025;2023;2022;"Tire uma foto com todos os membros da equipe";Não;Sim;;Sim;Sim;"IUB8894, Sim";Sim;738;;;;
416602880;4600053669-TEC_OESTE;"OBRAS CCM - PROCESSO";416602714;"GILBERTO DOURADO SILVA JUNIOR";EH077;IUT6498;30/05/2023;"Check List Diário - CCM";;.;.;.;"Tire uma foto com todos os membros da equipe";Não;Não;;Sim;Sim;"iut6498, Sim";Sim;248;;;;
416602880;4600053669-TEC_OESTE;"OBRAS CCM - PROCESSO";416602715;"GILBERTO DOURADO SILVA JUNIOR";EH077;IUT6498;30/05/2023;"Check List Diário - CCM";"JOSE BERNARDO RODRIGUES FILHO";.;.;.;"Tire uma foto com todos os membros da equipe";Não;Não;;Sim;Sim;"iut6498, Sim";Sim;822;;;;
416602880;4600053669-TEC_OESTE;"OBRAS CCM - PROCESSO";416602716;"GILBERTO DOURADO SILVA JUNIOR";EH077;IUT6498;30/05/2023;"Check List Diário - CCM";"RANNIERI MATOS DE SOUZA";.;.;.;"Tire uma foto com todos os membros da equipe";Não;Não;;Sim;Sim;"iut6498, Sim";Sim;328;;;;
416602880;4600053669-TEC_OESTE;"OBRAS CCM - PROCESSO";416602717;"GILBERTO DOURADO SILVA JUNIOR";EH077;IUT6498;30/05/2023;"Check List Diário - CCM";"EMERSON CASTRO DOURADO MIRANDA";.;.;.;"Tire uma foto com todos os membros da equipe";Não;Não;;Sim;Sim;"iut6498, Sim";Sim;1025;;;;
416602880;4600053669-TEC_OESTE;"OBRAS CCM - PROCESSO";416602718;"GILBERTO DOURADO SILVA JUNIOR";EH077;IUT6498;30/05/2023;"Check List Diário - CCM";"GILDEVAN DA SILVA DIAS";.;.;.;"Tire uma foto com todos os membros da equipe";Não;Não;;Sim;Sim;"iut6498, Sim";Sim;236;;;;
416603440;4600053669-TEC_OESTE;"OBRAS CCM - PROCESSO";416603027;"EDPO PEREIRA GUEDES SILVA";EH153;IZX9H04;30/05/2023;"Check List Diário - CCM";;"nao ";2023;2019;"Tire uma foto com todos os membros da equipe";Não;Sim;;"Sim, um";Sim;"izx9h04, Sim";Sim;178;;;;
416605636;4600053670-TEC_SUDOE;"OBRAS CCM - PROCESSO";416605539;"JONATHAN DE JESUS SANTOS";EH034;IUQ9132;30/05/2023;"Check List Diário - CCM";;2023;2023;2022;"Tire uma foto com todos os membros da equipe";Não;Sim;;Sim;Sim;"iuq9132, Sim";Sim;269;;;;
416606979;4600053669-TEC_OESTE;"OBRAS CCM - PROCESSO";416606899;"PEDRO PAULO CARDOSO PEREIRA";PD001;RNU1I60;30/05/2023;"Check List Diário - CCM";;2024;2023;2023;"Tire uma foto com todos os membros da equipe";Não;Sim;;Sim;Sim;"rnu1i60, Sim";Sim;1111;;;;
416607325;4600053669-TEC_OESTE;"OBRAS CCM - PROCESSO";416607225;"DIOGENIS DE OLIVEIRA SANTOS";LV026;IZV8J64;30/05/2023;"Check List Diário - CCM";"ANTONIO MARCOS ALVES DOS SANTOS";2020;2020;2020;"Tire uma foto com todos os membros da equipe";Não;Sim;;Sim;Sim;"izv8j64, Sim";Sim;1445;;;;
416611404;4600053670-TEC_SUDOE;"OBRAS CCM - PROCESSO";416611321;"GIUELTON COSTA OLIVEIRA";EH066;IZY0C71;30/05/2023;"Check List Diário - CCM";;2022;2022;2022;"Tire uma foto com todos os membros da equipe";Não;Sim;;Sim;Sim;"izy0c71, Sim";Sim;353;;;;
416613381;4600053670-TEC_SUDOE;"OBRAS CCM - PROCESSO";416613014;"SAMOEL DE JESUS SANTOS";EH024;IYC1480;30/05/2023;"Check List Diário - CCM";;2023;2023;2024;"Tire uma foto com todos os membros da equipe";Não;Sim;;Sim;Sim;"fjg, Sim";Sim;823;;;;
416615977;4600053670-TEC_SUDOE;"OBRAS CCM - PROCESSO";416615886;"JOELSON TRINDADE SANTOS";EH089;ITH1605;30/05/2023;"Check List Diário - CCM";;2023;2023;2023;"Tire uma foto com todos os membros da equipe";Não;Não;"atitude de padrinho";Sim;Sim;"ith1605, Sim";Sim;245;;;;
416617435;4600053670-TEC_SUDOE;"OBRAS CCM - PROCESSO";416617336;"DIEMERSON PESSOA DA SILVA";EH040;IYY4693;30/05/2023;"Check List Diário - CCM";;23;"n a";22;"Tire uma foto com todos os membros da equipe";Não;Sim;;Sim;Sim;"iyy4693, Sim";Sim;323;;;;
416618585;4600053669-TEC_OESTE;"OBRAS CCM - PROCESSO";416618500;"JEAN MANOEL MARTINS";EH103;IZV9C32;30/05/2023;"Check List Diário - CCM";;07/02/33;12/07/23;11/01/22;"Tire uma foto com todos os membros da equipe";Não;Sim;;Sim;Sim;"izv9c32, Sim";Sim;1013;;;;
416618831;4600053670-TEC_SUDOE;"OBRAS CCM - PROCESSO";416618750;"EDINALDO MEIRA ABREU";EH057;ITT3966;30/05/2023;"Check List Diário - CCM";;0;0;0;"Tire uma foto com todos os membros da equipe";Não;Sim;"escalada segura ";Sim;Sim;"itt3966, Sim";Sim;187;;;;
416619345;4600053670-TEC_SUDOE;"OBRAS CCM - PROCESSO";416619255;"JOSE MAURICIO LIMA SANTOS";EH015;ITR5316;30/05/2023;"Check List Diário - CCM";;2022;2023;2023;"Tire uma foto com todos os membros da equipe";Não;Não;;Sim;Sim;"Ixw 6588, Sim";Sim;496;;;;
416619453;4600053670-TEC_SUDOE;"OBRAS CCM - PROCESSO";416619371;"HENRIQUE PASSOS SOUZA";EH021;IXW6584;30/05/2023;"Check List Diário - CCM";;2011;2023;2023;"Tire uma foto com todos os membros da equipe";Não;Sim;;Sim;Sim;"izv915, Sim";Sim;2074;;;;
416622965;4600053670-TEC_SUDOE;"OBRAS CCM - PROCESSO";416622884;"FLAVIO ALVES ALMEIDA";EH092;IZX2I52;30/05/2023;"Check List Diário - CCM";;2032;2023;2023;"Tire uma foto com todos os membros da equipe";Não;Sim;escalada;Sim;Sim;"izx2i52, Sim";Sim;1293;;;;
416627105;4600053669-TEC_OESTE;"OBRAS CCM - PROCESSO";416627014;"ERIVAM MOREIRA ALVES";"BAR - EH023";IZM7D13;30/05/2023;"Check List Diário - CCM";;2024;2023;2023;"Tire uma foto com todos os membros da equipe";Não;Sim;capacete;Sim;Sim;"IZM7D13, Sim";Sim;619;703;893;;
416628982;4600053670-TEC_SUDOE;"OBRAS CCM - PROCESSO";416628646;"DORISVAL BARBOSA FILHO";EH070;IYM8377;30/05/2023;"Check List Diário - CCM";;2023;2023;2023;"Tire uma foto com todos os membros da equipe";Não;Sim;"atencao na via";Sim;Sim;"iym8377, Sim";Sim;348;094;853;1129;1138
416631269;4600053670-TEC_SUDOE;"OBRAS CCM - PROCESSO";416631094;"FERNANDO NUNES FERREIRA";EH011;IUR6674;30/05/2023;"Check List Diário - CCM";"CELIO ROBERTO PEREIRA GUIMARAES";2022;2022;2022;"Tire uma foto com todos os membros da equipe";Não;Sim;;Sim;Sim;"iur6674, Sim";Sim;372;;;;
416631269;4600053670-TEC_SUDOE;"OBRAS CCM - PROCESSO";416631095;"FERNANDO NUNES FERREIRA";EH011;IUR6674;30/05/2023;"Check List Diário - CCM";"DARLEI SILVA DO PRADO";2022;2022;2022;"Tire uma foto com todos os membros da equipe";Não;Sim;;Sim;Sim;"iur6674, Sim";Sim;1097;;;;
416631269;4600053670-TEC_SUDOE;"OBRAS CCM - PROCESSO";416631096;"FERNANDO NUNES FERREIRA";EH011;IUR6674;30/05/2023;"Check List Diário - CCM";;2022;2022;2022;"Tire uma foto com todos os membros da equipe";Não;Sim;;Sim;Sim;"iur6674, Sim";Sim;728;;;;
416631269;4600053670-TEC_SUDOE;"OBRAS CCM - PROCESSO";416631097;"FERNANDO NUNES FERREIRA";EH011;IUR6674;30/05/2023;"Check List Diário - CCM";"TIAGO DE OLIVEIRA MORAIS";2022;2022;2022;"Tire uma foto com todos os membros da equipe";Não;Sim;;Sim;Sim;"iur6674, Sim";Sim;785;;;;
416631269;4600053670-TEC_SUDOE;"OBRAS CCM - PROCESSO";416631098;"FERNANDO NUNES FERREIRA";EH011;IUR6674;30/05/2023;"Check List Diário - CCM";"ANTONIO CARLOS SILVA COSTA";2022;2022;2022;"Tire uma foto com todos os membros da equipe";Não;Sim;;Sim;Sim;"iur6674, Sim";Sim;285;;;;
416646243;4600053670-TEC_SUDOE;"OBRAS CCM - PROCESSO";416646158;"ROMARIO SANTOS OLIVEIRA";EH018;IXW6582;30/05/2023;"Check List Diário - CCM";;2031;2023;2017;"Tire uma foto com todos os membros da equipe";Não;Sim;;Sim;Sim;"ixw6582, Sim";Sim;497;;;;
416673610;4600053670-TEC_SUDOE;"OBRAS CCM - PROCESSO";416673527;"EDER ABREU TEIXEIRA";EH038;IXW8618;30/05/2023;"Check List Diário - CCM";;2023;2023;2023;"Tire uma foto com todos os membros da equipe";Não;Sim;;Sim;Sim;"ixw8618, Sim";Sim;718;;;;
416806353;4600053670-TEC_SUDOE;"OBRAS CCM - PROCESSO";416806172;"VALDIR RIBEIRO DOS SANTOS";EH012;IUO9230;30/05/2023;"Check List Diário - CCM";"DANIEL SOUZA SANTOS";2022;2023;2022;"Tire uma foto com todos os membros da equipe";Não;Sim;;Sim;Sim;"iuo9230, Sim";Sim;924;;;;
416806353;4600053670-TEC_SUDOE;"OBRAS CCM - PROCESSO";416806173;"VALDIR RIBEIRO DOS SANTOS";EH012;IUO9230;30/05/2023;"Check List Diário - CCM";"VALDENI SILVA CUNHA";2022;2023;2022;"Tire uma foto com todos os membros da equipe";Não;Sim;;Sim;Sim;"iuo9230, Sim";Sim;924;;;;
416806353;4600053670-TEC_SUDOE;"OBRAS CCM - PROCESSO";416806174;"VALDIR RIBEIRO DOS SANTOS";EH012;IUO9230;30/05/2023;"Check List Diário - CCM";;2022;2023;2022;"Tire uma foto com todos os membros da equipe";Não;Sim;;Sim;Sim;"iuo9230, Sim";Sim;924;;;;
